name,chunk_index,text,score,result
2023年中移在线员工补充医疗保险服务手册.pdf.json_processed.json,"[[1, 1], [2, 2], [3, 3], [4, 4], [5, 5], [6, 6], [7, 7], [8, 8], [9, 9], [10, 10], [11, 11], [12, 12], [13, 13], [14, 14], [15, 15], [16, 16], [17, 17], [18, 18], [19, 19], [20, 20], [21, 21], [22, 22], [23, 23], [24, 24], [25, 25], [26, 26], [27, 27], [28, 28], [29, 29], [30, 30], [31, 31], [32, 32], [33, 33], [34, 34], [35, 35], [36, 36], [37, 37], [38, 38], [39, 39], [40, 40], [41, 41], [42, 42], [43, 43], [44, 44], [45, 45], [46, 46], [47, 47], [48, 48], [49, 49], [50, 50], [51, 51], [52, 52], [53, 53], [54, 54], [55, 55], [56, 56], [57, 57], [58, 58], [59, 59], [60, 60], [61, 61], [62, 62], [63, 63], [64, 64], [65, 65], [66, 66], [67, 67], [68, 68], [69, 69], [70, 70], [71, 71], [72, 72], [73, 73], [74, 74], [75, 75], [76, 76], [77, 77], [78, 78], [79, 79], [80, 80], [81, 81], [82, 82], [83, 83], [84, 84], [85, 85], [86, 86], [87, 87], [88, 88], [89, 89], [90, 90], [91, 91], [92, 92], [93, 93], [94, 94], [95, 95], [96, 96], [97, 97], [98, 98], [99, 99], [100, 100], [101, 101], [102, 102], [103, 103], [104, 104], [105, 105], [106, 106], [107, 107], [108, 108], [109, 109], [110, 110], [111, 111], [112, 112], [113, 113], [114, 114], [115, 115], [116, 116], [117, 117], [118, 118], [119, 119], [120, 120], [121, 121], [122, 122], [123, 123], [124, 124], [125, 125], [126, 126], [127, 127], [128, 128], [129, 129], [130, 130], [131, 131], [132, 132], [133, 133], [134, 134], [135, 135], [136, 136], [137, 137], [138, 138], [139, 139], [140, 140], [141, 141], [142, 142], [143, 143], [144, 144], [145, 145], [146, 146], [147, 147], [148, 148], [149, 149], [150, 150], [151, 151], [152, 152], [153, 153], [154, 154], [155, 155], [156, 156], [157, 157], [158, 158], [159, 159], [160, 160], [161, 161], [162, 162], [163, 163], [164, 164], [165, 165], [166, 174], [175, 175], [176, 176], [177, 177], [178, 178], [179, 180], [181, 181], [182, 182], [183, 183], [184, 184], [185, 185], [186, 186], [187, 187], [188, 188], [189, 189], [190, 190], [191, 191], [192, 192], [193, 193], [194, 194], [195, 195], [196, 196], [197, 197], [198, 198], [199, 201], [202, 202], [203, 203], [204, 204], [205, 205], [206, 206], [207, 207], [208, 208], [209, 209], [210, 210], [211, 211], [212, 212], [213, 213], [214, 214], [215, 215], [216, 216], [217, 217], [218, 218], [219, 219], [220, 220], [221, 221], [222, 222], [223, 223], [224, 224], [225, 225], [226, 226], [227, 227], [228, 228], [229, 229], [230, 230], [231, 231], [232, 232], [233, 233], [234, 234], [235, 235], [236, 236], [237, 237], [238, 238], [239, 239], [240, 240], [241, 241], [242, 242], [243, 243], [244, 244], [245, 245], [246, 246], [247, 247], [248, 248], [249, 249], [250, 250], [251, 251], [252, 252], [253, 253], [254, 254], [255, 255], [256, 256], [257, 257], [258, 258], [259, 259], [260, 260], [261, 261], [262, 262], [263, 263], [264, 264], [265, 265], [266, 266], [267, 267], [268, 268], [269, 269], [270, 270], [271, 271], [272, 272], [273, 273], [274, 274], [275, 275], [276, 276], [277, 277], [278, 278], [279, 279], [280, 280], [281, 281], [282, 282], [283, 283], [284, 284], [285, 285], [286, 286], [287, 287], [288, 288], [289, 289], [290, 290], [291, 291], [292, 292], [293, 293], [294, 294], [295, 295], [296, 296], [297, 297], [298, 298], [299, 299], [300, 300], [301, 301], [302, 302], [303, 303], [304, 304], [305, 305], [306, 306], [307, 307], [308, 308], [309, 309], [310, 310], [311, 311], [312, 312], [313, 313], [314, 314], [315, 315], [316, 316], [317, 317], [318, 318], [319, 319], [320, 320], [321, 321], [322, 322], [323, 323], [324, 324], [325, 325], [326, 326], [327, 327], [328, 328], [329, 329], [330, 330], [331, 331], [332, 332], [333, 333], [334, 334], [335, 335], [336, 336], [337, 337], [338, 338], [339, 339], [340, 340], [341, 341], [342, 342], [343, 343], [344, 344], [345, 345], [346, 346], [347, 347], [348, 348], [349, 349], [350, 350], [351, 351], [352, 352], [353, 353], [354, 354], [355, 355], [356, 356], [357, 357], [358, 358], [359, 359], [360, 360], [361, 361], [362, 362], [363, 363], [364, 364], [365, 365], [366, 366], [367, 367], [368, 368], [369, 369], [370, 370], [371, 371], [372, 372], [373, 373], [374, 374], [375, 375], [376, 376], [377, 377], [378, 378], [379, 379], [380, 380], [381, 381], [382, 382], [383, 383], [384, 384], [385, 385], [386, 386], [387, 387], [388, 388], [389, 389], [390, 390], [391, 391], [392, 392], [393, 393], [394, 394], [395, 395], [396, 396], [397, 397], [398, 398], [399, 399], [400, 400], [401, 401], [402, 402], [403, 403], [404, 404], [405, 405], [406, 406], [407, 407], [408, 408], [409, 409], [410, 410], [411, 411], [412, 412], [413, 413], [414, 414], [415, 415], [416, 416], [417, 417], [418, 418], [419, 419], [420, 420], [421, 421], [422, 422], [423, 423], [424, 424], [425, 425]]","中移在线员工补充医疗保险服务手册


中移在线员工补充医疗保险服务手册


太平养老保险股份有限公司河南分公司


中移在线员工补充医疗保险服务手册


太平养老保险股份有限公司（简称“太平养老”）成立于2004 年，是中管 金融机构中国太平保险集团有限责任公司旗下专业经营养老金业务和员工福利 保障业务的重要子公司，也是我国首家国有专业养老保险公司，服务网络覆盖全 国。


| 太平养老养老金业务涵盖针对各类企事业单位的企业年金、职业年金、养老 |


保障、资产管理等服务，员工福利保障业务涵盖寿险、意外险、补充医疗、健康 管理等服务。截至2022 年末，太平养老养老金管理资产超过5800 亿元，年度 原保险保费收入78 亿元。


太平养老拥有企业年金基金法人受托、投资、账户管理人资格，同时也具备


| 养老保险资产管理资格，在国家养老健康保障制度建立和商业化运作试点中，积 |


极参与了企业年金、职业年金、个人税优健康保险、个税递延养老保险等相关政 策的制定研究，树立了行业领先优势。太平养老为客户提供全方位的健康保障，在团体终身重疾、中高端医疗、长期护理保险产品、全球医疗保障服务等方面具 有独特的国际合作优势，受到各界广泛认同。


中移在线员工补充医疗保险服务手册


| 第一章 | 目 | 录 |
| 第一章 | 保障方案......................................................................................... 1 |


中移在线员工补充医疗保险服务手册


| 第一章 | 保障方案 |


一、保险期间


整体服务期限为两年，首年度保险期间：2023 年5 月1 日0 时起至2024


年4 月30 日24 时止。


二、保险责任


（一）员工保险计划表（其中医疗保障地区范围仅限中国大陆地区）


单位：人民币元


| 保险责任项目 | 保险责任简要描述 | 保险金额 |
| 疾病身故 | 首次投保后初次确诊的疾病导致的身故责任，其 他见保险责任具体描述 | 40 万元 |
| 重大疾病 | 100 种重大疾病（详见附件），首次投保后经医 院确诊初次罹患重大疾病的（不论一种或多种）的重疾责任。 本次投保前已赔付过的重大疾病类型，对于同种 类型的重大疾病保险人不再承担保险责任。 其他见保险责任具体描述 | 20 万元 |
| 补充门诊急诊 医疗 | 每次超过50 元以上部分按照90%赔付，50 元及 以下部分免于赔付，其他见保险责任具体描述 | 1 万元 |
| 补充住院医疗 | 每次超过200 元以上部分按照90%赔付，200 元 及以下部分免于赔付，其他见保险责任具体描述 | 5 万元 |
| 重大疾病医疗 | 按照100%赔付，其他见保险责任具体描述 | 50 万元，其中住院床位 费、膳食费、护理费的 每日赔付限额合计以 人民币500 元为限 |
| 一般意外伤害 保险金 | 包括一般意外身故和一般意外伤残保障 | 50 万 |
| 交通意外险保 险金 | 乘坐指定公共交通工具期间遭受意外伤害的保 障；指定公共交通工具包括市内公共汽车、长途 公共汽车、公共电车、出租汽车、网约车、旅游 巴士、景区巴士客运轮船、火车、地铁、轻轨、城市铁路、民航班机 | 50 万 |


1


中移在线员工补充医疗保险服务手册


（二）被保险人保险责任具体描述：
	1. 疾病身故：
	在本保险有效期间内，被保险人因首次投保后初次确诊的疾病导致身故，保 险人按其疾病身故保险金额给付疾病身故保险金，对该被保险人的保险责任终 止。


2. 重大疾病：
自被保险人本保险责任生效日起30 日为等待期。


符合以下情形之一的无等待期：
	2.1 投保人在保险期间届满前重新申请为被保险人投保本保险责任，经保险 人同意并交纳保险费，获得的新保险合同中该项责任免除等待期。


2.2 被保险人因遭受意外事故导致初次发生所列的重大疾病的。


2.3 被保险人在等待期内经医院确诊初次发生所列的重大疾病的，保险人不 承担给付保险金的责任。


在本保险有效期间内，除等待期期间依前款约定外，保险人承担下列保险责 任：
	被保险人首次投保后经医院确诊初次罹患重大疾病的（不论一种或多种），保险人按约定的重大疾病保险金额给付重大疾病保险金，对被保险人的该项保险 责任终止。


被保险人在本次投保前已赔付过的重大疾病类型，对于同种类型的重大疾病 保险人不再承担保险责任。


2.4 以下均属于同种类型的重大疾病：
协议中规定的一百种重大疾病病种，每一种中对应的所有疾病属于相同类型


2


中移在线员工补充医疗保险服务手册


重大疾病；
	同一疾病不同发展、治疗阶段以及其并发症导致的重大疾病属于相同类型重 大疾病。


被保险人在首次投保前发生重大疾病的，保险人不承担给付保险金的责任。


3. 补充门诊急诊医疗：
	急 在本保险有效期间内，被保险人因疾病或意外事故在指定医院进行门诊、诊治疗的，当地医保险政策门诊有统筹支付的，需先行医保结算，对于扣除医保 报销后剩余的且符合当地社会医疗保险规定的医疗费用及乙类个人自理部分的 医疗费用，保险人按照上述保险计划表中载明的约定内容进行赔付。
当地医保险 	对于符合当地社会医疗保险规定的 政策门诊无统筹支付的，无需先行医保结算，
医疗费用及乙类个人自理部分的医疗费用，保险人按照保险计划表中载明的约定 内容进行赔付。当地医保险政策门诊有统筹支付的但对医院有定点要求或数量要 求的，参照无统筹支付进行赔付。


被保险人一次或多次因意外事故或疾病进行门诊急诊治疗，保险人均按上述 规定向被保险人分别给付补充门诊急诊医疗保险金，但累计给付金额以不超过该 被保险人的保险金额为限。累计给付金额达到其保险金额时，对该被保险人的该 项保险责任终止。


4. 补充住院医疗：
	被保险人因疾病或意外事故在指定医院进行住院或持 在本保险有效期间内，
规定病种病历本进行规定病种门诊治疗的，需先行医保结算，对于扣除医保报销 后剩余的且符合当地社会医疗保险规定的医疗费用、乙类个人自理部分的医疗费 用及丙类自费的医疗费用，保险人按照上述保险计划表中载明的约定内容进行赔


3


中移在线员工补充医疗保险服务手册


付。


被保险人在保险期间内发生且延续至本保险满期日后30 日内的住院治疗，保险人承担给付保险金的责任。


被保险人一次或多次因意外事故或疾病进行住院或规定病种门诊治疗的，保 险人均按上述规定向被保险人分别给付补充住院医疗保险金，但累计给付金额以 累计给付金额达到其保险金额时，对该被保 不超过该被保险人的保险金额为限。


险人的该项保险责任终止。


5. 重大疾病医疗：
自本保险责任生效日起30日为等待期。


5.1 符合以下情形之一的无等待期：
	(1). 投保人在保险期间届满前重新申请为被保险人投保本保险责任，经保险 人同意并交纳保险费，获得的新保险合同中该项责任免除等待期。


(2). 被保险人因遭受意外事故导致初次发生所列的重大疾病的。


5.2 被保险人在等待期内经医院确诊初次发生所列的重大疾病的，保险人不 承担给付保险金的责任。


在本保险有效期内，除等待期期间依前款约定外，保险人承担下列保险责任：	被保险人经医院确诊初次发生所列的重大疾病的，并在指定医院因该重大疾 病进行住院或持规定病种病历本进行规定病种门诊治疗的，需先行医保结算，对 于扣除医保报销后剩余的符合当地社会医疗保险规定的医疗费用、乙类个人自理 	保险人按照上述保险计划表中载明的约 部分的医疗费用及丙类自费的医疗费用，
定内容进行赔付。其中，住院床位费、膳食费、护理费的每日赔付限额合计以人 民币500 元为限。


4


中移在线员工补充医疗保险服务手册


5.3 该责任不承担下列费用：
	（1）接种预防癌症的疫苗、进行基因测试以鉴定癌症的遗传性、接受实验 性医疗，采取未经科学或医学认可的医疗手段；
	（2）因器官移植而导致获取器官过程中发生的费用以及器官本身的费用。


重大疾病医疗费用保险金给付期间起算日期以该被保险人于等待期后经医 院确诊初次患重大疾病的日期为准，重大疾病医疗费用保险金给付期间为1 年。保险人一次或多次累计给付的重大疾病医疗费用保险金达到被保险人的重大疾 病医疗费用保险金额时，对该被保险人的该项保险责任终止。


被保险人在首次投保前发生所列的重大疾病的，保险人不承担给付保险金的 责任。被保险人在首次投保后至本次投保前发生所列的重大疾病的，在上一保险 年度的保险人履行完重疾医疗责任（重大疾病医疗费用保险金的给付期达到1年 或累计给付的重大疾病医疗费用保险金达到被保险人重大疾病医疗保险费用保 险金额或上一保险年度保险人履行既往重疾人员医疗责任至保险服务期结束）后，由本次保险年度的保险人继续承担重疾医疗保险费用。


6. 一般意外伤害保险金: 
	在保险责任期间内，被保险人遭受意外伤害，保险人承担下列保险责任：	6.1 意外身故保险金：被保险人因遭受意外伤害，并自伤害发生之日起180 日内（含第180 日）以该伤害为直接且单独的原因导致身故，保险人将按约定 的该被保险人的意外伤害保险金额给付“意外身故保险金”，对该被保险人的意 外身故保险责任终止。


若被保险人身故前，保险人曾给付“意外伤残保险金”，则“意外身故保险 金”为约定的该被保险人的意外伤害保险金额扣除已给付的“意外伤残保险金”


5


中移在线员工补充医疗保险服务手册


后的余额。


6.2 意外伤残保险金：被保险人在保险责任期间内，因遭受意外伤害，并自 伤害发生之日起180 日内（含第180 日）以该伤害为直接且单独的原因导致伤 残并达到《人身保险伤残评定标准及代码》所列伤残程度之一的，保险人将按约 定的该被保险人的意外伤害保险金额为基数，按《人身保险伤残评定标准及代码》表中所对应的给付比例给付“意外伤残保险金”。


自伤害发生之日起180 日内（含第180 日），治疗仍未结束的，保险人将 按被保险人意外伤害发生之日起第180 日的身体情况进行鉴定，并据此给付“意 外伤残保险金”。


被保险人因同一意外事故造成两处或两处以上伤残时，保险人首先对各处伤 	如果几处伤残等级不同，保险人以最重的伤残等级作为最 残程度分别进行评定，
终的评定结论。


被保险人因多次遭受意外伤害事故导致伤残，保险人均按上述约定给付“意 外伤残保险金”。若该次意外伤害事故导致的伤残与前次伤残属于同一部位，则 	但从给付比例中扣除该被保险人已给付的“意外伤残保 按较严重项目标准给付，
险金”的比例。


保险人累计给付的“意外伤残保险金”达到约定的该被保险人的“一般意外 伤害保险金”金额时，对该被保险人的意外身故、意外伤残保险责任终止。


6.3 意外伤害：指遭受外来的、突发的、非本意的、非疾病的客观事件直接 致使身体受到的剧烈伤害，猝死不属于该范畴。


7. 交通意外伤害保险金：
在保险责任期间内，被保险人以乘客身份搭乘合法商业运营的指定公共交通


6


中移在线员工补充医疗保险服务手册


工具期间遭受意外伤害，保险人承担下列保险责任：
	7.1 交通意外身故保险金：被保险人因遭受意外伤害，并自伤害发生之日起 180 日内（含第180 日）以该伤害为直接且单独的原因导致身故，保险人将按 约定的该被保险人所选择的公共交通工具对应的交通意外保险金额给付“交通意 外身故保险金”。保险人给付“交通意外身故保险金”后，保险人对该被保险人 的该项公共交通工具对应的交通意外身故保险责任终止。


若被保险人在身故前，保险人曾给付“交通意外伤残保险金”，则“交通意 外身故保险金”为约定的该被保险人的该项公共交通工具对应的交通意外保险金 额扣除已给付“交通意外伤残保险金”后的余额。


7.2 交通意外伤残保险金：被保险人因遭受意外伤害，并自伤害发生之日起 180 日内（含第180 日）以该伤害为直接且单独的原因导致伤残并达到《人身 保险伤残评定标准及代码》所列伤残程度之一的，保险人将以约定的该被保险人 的该项公共交通工具对应的交通意外保险金额为基数，按《人身保险伤残评定标 准及代码》表中对应的给付比例给付“交通意外伤残保险金”。


自伤害发生之日起180 日内（含第180 日），治疗仍未结束的，保险人 将按被保险人意外伤害发生之日起第180 日的身体情况进行鉴定，并据此给付“交通意外伤残保险金”。


保险人首先对各 被保险人因同一交通意外事故造成两处或两处以上伤残时，
处伤残程度分别进行评定，如果几处伤残等级不同，保险人以最重的伤残等级作 为最终的评定结论。


被保险人因多次遭受意外伤害事故导致伤残，保险人均按上述约定给付“交 通意外伤残保险金”。若该次意外伤害事故导致的伤残与前次伤残属于同一部位，


7


中移在线员工补充医疗保险服务手册


则按较严重项目标准给付，但从给付比例中扣除该被保险人已给付的“交通意外 伤残保险金”的比例。


保险人累计给付的“交通意外伤残保险金”达到约定的该被保险人的“交通 意外伤害保险金”金额时，对该被保险人的交通意外身故、交通意外伤残保险责 任终止。


指以乘客身份乘坐，有营运执照且需要付款的指定交通 指定公共交通工具：
工具，仅包括市内公共汽车、长途公共汽车、公共电车、出租汽车、客运轮船、火车、地铁、轻轨、城市铁路、民航班机。


被保险人以乘客身份乘坐合法商业营运的市内公共汽车、长途公共汽车、公 共电车时、出租汽车时，自被保险人进入车厢时起至抵达目的地走出车厢时止，保险人依约定承担保险责任；
	被保险人以乘客身份乘坐合法商业营运的客运轮船时，自被保险人进入船舱 时起至抵达目的地走出船舱时止，保险人依约定承担保险责任；
	被保险人以乘客身份乘坐合法商业营运的火车、地铁、轻轨、城市铁路时，自被保险人进入火车、地铁、轻轨、城市铁路车厢时起至抵达目的地走出火车、地铁、轻轨、城市铁路车厢时止，保险人依约定承担保险责任；
	自被保险人进入民航 被保险人以乘客身份乘坐合法商业营运的民航班机时，
班机机舱时起至抵达目的地走出民航班机机舱时止，保险人依约定承担保险责 任。


重大疾病释义详见《第五章附录》附件五


8


中移在线员工补充医疗保险服务手册


三、责任除外
（一）因下列情形之一导致被保险人疾病身故的,保险人不承担给付保险金的责


任：


1. 投保人对被保险人的故意杀害、故意伤害；
	2. 被保险人故意犯罪或者抗拒依法采取的刑事强制措施或自杀，但被保险 人自杀时为无民事行为能力人的除外；
	3. 被保险人主动吸食或注射毒品；
	4. 被保险人酒后驾驶、无合法有效驾驶证驾驶，或驾驶无有效行驶证的机 动车；
	5. 战争、军事冲突、暴乱或武装叛乱；
	6. 核爆炸、核辐射或核污染；
	7. 遗传性疾病、先天性畸形、变形或染色体异常、其他先天性缺陷或疾病、本次投保前疾病及其上述疾病在任何时候发生的并发症。


发生上述第一项情形导致被保险人身故的，保险人对该被保险人保险责任终 止，并向受益人退还该被保险人的未满期保险费。


发生上述其它情形导致被保险人身故的，保险人对该被保险人保险责任终 止，并向投保人退还该被保险人的未满期保险费。


因下列情形之一导致被保险人重大疾病的，保险人不承担给付保险金的责（二）
任：
	1. 投保人对被保险人的故意杀害、故意伤害；
	2. 被保险人故意自伤、故意犯罪或者抗拒依法采取的刑事强制措施；	3. 被保险人主动吸食或注射毒品；
	4. 被保险人酒后驾驶机动车、无合法有效驾驶证驾驶机动车，或驾驶无有 效行驶证的机动车；
	5. 被保险人感染艾滋病病毒或患艾滋病；
	6. 战争、军事冲突、暴乱或武装叛乱；
	7. 核爆炸、核辐射或核污染；


9


中移在线员工补充医疗保险服务手册


8. 遗传性疾病、先天性畸形、变形或染色体异常、其他先天性缺陷或疾病、本次投保前疾病及其上述疾病在任何时候发生的并发症。


发生上述第一项情形导致被保险人初次发生重大疾病的，保险人对该被保险 人保险责任终止，并向该被保险人退还其对应的未满期保险费。


发生上述其它情形导致被保险人初次发生重大疾病的，保险人对该被保险人 保险责任终止，并向投保人退还该被保险人的未满期保险费。


（三）因下列情形之一，导致被保险人补充门诊急诊医疗、补充住院医疗、重大


疾病医疗的,保险人不承担保险责任：


1. 投保人对被保险人的故意杀害、故意伤害；
	2. 被保险人故意自伤、故意犯罪或者抗拒依法采取的刑事强制措施；	3. 被保险人殴斗、醉酒，主动吸食或注射毒品；
	4. 被保险人酒后驾驶机动车、无合法有效驾驶证驾驶机动车，或驾驶无有 效行驶证的机动车；
	5. 战争、军事冲突、暴乱或武装叛乱；
	6. 核爆炸、核辐射或核污染；
	7. 从事潜水、跳伞、攀岩、蹦极、驾驶滑翔机或滑翔伞、探险、摔跤、武 术比赛、特技表演、赛马、赛车等高风险运动。


8. 被保险人感染艾滋病病毒或患艾滋病期间因疾病导致的；
	9. 精神和行为障碍（依照世界卫生组织《疾病和有关健康问题的国际统计 分类（ICD-10）》确定）、性病；
	10. 遗传性疾病、先天性畸形、变形或染色体异常、其他先天性缺陷或疾病、特定传染病及上述疾病在任何时候引发的并发症；
	11. 被保险人健康检查、疗养、静养或特别护理等行为；
	12. 被保险人在康复医院、联合诊所、私人诊所、家庭病房、按摩医院、挂 床等治疗；
	13. 皮肤色素沉着、面部痤疮、面膜，疤痕美容、激光美容、脱痣、祛除纹 身、除皱、祛雀斑、开双眼皮、治疗白发、治疗秃发、脱发、植发、脱毛、隆鼻、


10


中移在线员工补充医疗保险服务手册


隆胸、穿耳洞等项目的治疗；
	14. 矫形治疗：如腋臭、口吃、鼻鼾手术（阻塞性睡眠呼吸暂停综合症除外）、平足等项目；如减肥、增胖、增高等项目；
	15. 各种健康体检项目：如体检、疾病普查等项目；各种预防、保健性、疗 养、静养或特别护理的诊疗项目：如各种疫苗预防接种、足部反射推拿疗法、健 身按摩等项目；
	16. 验眼配镜、装配假眼、假肢或者助听器；
	17. 弱视、斜视、屈光不正；
	18. 各种不孕不育症、人工受精、性功能障碍；
	19. 怀孕、分娩（含难产）、流产、堕胎、节育（含绝育）、产前产后检查 以及由以上原因引起的并发症；
	20. 整容手术或其他内、外科手术导致的医疗事故所致的相关治疗；	21. 各种医疗鉴定项目：如劳动能力鉴定（职工劳动、工伤、职业病诊断鉴 定），精神病人的司法鉴定，医疗事故鉴定，各种验伤费等；
	22. 被保险人出险日在保险协议有效期外而发生的医疗费用，以及在中国境 外、台湾、香港、澳门地区发生的医疗费用；
	23. 检查、治疗、用药与所诊断疾病不符的；
	24. 非约定的急诊情况在急诊治疗的费用；
	25. 代配药、外配药；
	26. 无相关主述、疾病诊断的病史，直接配药或取药的；
	27. 索赔时未同时提供电脑打印的费用明细清单的或盖收费章注明药品价 格处方的；
	28. 投保时告知有社保人员未使用社保卡进行诊治，未提供社保专用正式发 票进行索赔的；
	29. 被保险人首次投保前所患协议中约定的100 种重大疾病及上述疾病在 任何时候引发的并发症。


30. 被保险人所发生的乙类个人自理部分的医疗费用（协议中另有约定的按


11


中移在线员工补充医疗保险服务手册


照约定执行）；
	31. 被保险人所发生的丙类自费的医疗费用（协议中另有约定的按照约定执 行）。


（四）因下列情形之一，导致被保险人一般意外身故、残疾的，本公司不负给付


保险金责任：


1. 投保人或被保险人的故意隐瞒、欺诈行为；
	2. 投保人对被保险人的故意杀害、故意伤害；
	3. 投保前存在的由于疾病原因或者意外原因导致的残疾状况；
	4. 被保险人故意犯罪或者抗拒依法采取的刑事强制措施；
	5. 被保险人斗殴、醉酒、故意自伤；
	6. 被保险人主动吸食或注射毒品；
	7. 被保险人自杀，但被保险人自杀时为无民事行为能力人的除外；
	8. 被保险人因精神疾患导致的意外；
	9. 被保险人酒后驾驶，无合法有效驾驶证驾驶，或者驾驶无合法有效行驶 证的机动车；
	10. 被保险人流产、分娩；
	11. 被保险人因医疗事故、药物过敏、整容导致的伤害；
	12. 被保险人未遵医嘱，私自服用、涂用、注射药物；
	13. 被保险人进行潜水、跳伞、攀岩运动、探险活动、武术比赛、摔跤比赛、特技表演、赛马、赛车等高风险运动；
	14. 被保险人感染艾滋病病毒或患艾滋病；
	15. 被保险人发生猝死；
	16. 被保险人从事或参与恐怖主义活动、邪教组织活动；
	17. 战争、军事行动、暴乱或者武装叛乱；
	18. 核爆炸、核辐射或者核污染。


发生前款第2 项情形导致被保险人身故的，本合同对该被保险人的保险责任 终止。本公司向其他权利人退还相应的现金价值。


12


中移在线员工补充医疗保险服务手册


发生前款其他情形导致被保险人身故的，本合同对该被保险人的保险责任终 止。本公司向投保人退还相应的现金价值。


受益人故意造成被保险人发生保险事故的，或者故意杀害被保险人未遂的，该受益人丧失受益权。


（五）因下列情形之一，导致被保险人交通意外身故、残疾的，本公司不负给付


保险金责任：


1. 投保人或被保险人的故意隐瞒、欺诈行为；
2. 投保人对被保险人的故意杀害、故意伤害；
3. 投保前存在的由于疾病原因或者意外原因导致的残疾状况；4. 被保险人故意犯罪或者抗拒依法采取的刑事强制措施；
5. 被保险人斗殴、醉酒、故意自伤；
6. 被保险人主动吸食或注射毒品；
7. 被保险人自杀，但被保险人自杀时为无民事行为能力人的除外；8. 被保险人因精神疾患导致的意外；
9. 被保险人流产、分娩；
10. 被保险人因医疗事故、药物过敏、整容导致的伤害；
11. 被保险人未遵医嘱，私自服用、涂用、注射药物；
12. 被保险人感染艾滋病病毒或患艾滋病；
13. 被保险人发生猝死；
14. 被保险人从事或参与恐怖主义活动、邪教组织活动；
15. 战争、军事行动、暴乱或者武装叛乱；
16. 核爆炸、核辐射或者核污染；
17. 被保险人不遵守客运部门的规章制度，攀爬、跳越交通工具。


发生前款第2 项情形导致被保险人身故的，本合同对该被保险人的保险责任 终止，本公司向其他权利人退还相应的现金价值（见释义）。


发生前款其他情形导致被保险人身故的，本合同对该被保险人的保险责任终 止，本公司向投保人退还相应的现金价值。


13


中移在线员工补充医疗保险服务手册


受益人故意造成被保险人发生保险事故（见释义）的，或者故意杀害被保险


人未遂的，该受益人丧失受益权。


14


中移在线员工补充医疗保险服务手册


| 第二章 | 理赔指南 |


一、温馨提示


申请理赔之前请先添加银行卡，如有银行卡请核对确认，详情如下：


第一步：


打开“福享太平”App，选择最下栏“我的”页面


15


中移在线员工补充医疗保险服务手册


第二步：
选择保单服务，更多服务选项


第三步：
选择理赔收账号变更选项


16


中移在线员工补充医疗保险服务手册


第四步：
选择点击下一步


第五步：
选择需要添加银行卡信息的保单


17


中移在线员工补充医疗保险服务手册


第六步：
填写个人信息及银行卡信息


第七步：
再次确认银行卡信息内容确保信 息无误


18


中移在线员工补充医疗保险服务手册


第八步：
确认后持卡人签字


第九步：
银行卡信息添加成功


※保全变更生效后自动发送短信或微信公众号推送变更成功信息 通知 	19


中移在线员工补充医疗保险服务手册


二、理赔申请方式


（一）线上理赔：微信福享太平小程序、福享太平APP；


|  |


1、打开福享太平小程序或APP，点击首页的“理赔中心”。


（四十二）特发性慢性肾上腺皮质功能减退 
	指自身免疫性肾上腺炎（既往称：特发性肾上腺皮质萎缩）导致肾上腺萎缩和慢性肾上 腺皮质功能减退。


必须满足所有以下条件：
	1、必须由专科医生明确诊断，符合所有以下诊断标准：
	（1）血浆促肾上腺皮质激素(ACTH)水平测定，>100pg/ml；
	（2）血浆肾素活性、血管紧张素Ⅱ和醛固酮测定，显示为原发性肾上腺皮质功能减退 症；
	（3）促肾上腺皮质激素(ACTH)刺激试验显示为原发性肾上腺皮质功能减退症。


2、已经采用皮质类固醇替代治疗180 天以上。


肾上腺结核、HIV 感染或艾滋病、感染、肿瘤所致的原发性肾上腺皮质功能减退和继发 性肾上腺皮质功能减退不在本保障范围内。


（四十三）严重类风湿性关节炎 
	类风湿性关节炎为广泛分布的慢性进行性多关节病变，表现为关节严重变形，侵犯至少 三个主要关节或关节组（如：双手（多手指）关节、双足（多足趾）关节、双腕关节、双膝 	类风湿性关节炎必须明确诊断并且已经达到类风湿性关节炎功能分级Ⅲ 关节和双髋关节）。


级以上的功能障碍（关节活动严重限制，不能完成大部分的日常工作和活动）并且自主生活 能力完全丧失，无法独立完成六项基本日常生活活动中的三项或三项以上。


（四十四）重症急性坏死性筋膜炎 
坏死性筋膜炎的诊断须同时符合下列要求：
（1）符合坏死性筋膜炎的一般临床表现；


38


中移在线员工补充医疗保险服务手册


（2）细菌培养检出致病菌；
（3）出现广泛性肌肉及软组织坏死，并导致身体受影响部位永久完全失去功能。


所谓永久完全失去功能是指受影响部位的全部功能完全丧失超过180 天者。


（四十五）急性坏死性胰腺炎开腹手术 
	指被保险人因为急性出血坏死性胰腺炎已经接受了外科开腹手术治疗，以进行坏死组织 	因饮酒所致的急性出血坏死性胰腺炎或经腹腔镜手术进行 清除、坏死病灶切除或胰腺切除。


的治疗不在保障范围内。


（四十六）系统性硬皮病 
	指一种全身性的胶原血管性疾病，可以导致皮肤、血管及内脏器官进行性弥漫性纤维化。


诊断必须经活检及血清学检查证实，疾病必须是全身性，且须满足下列至少一项条件：（1）肺脏：肺部病变进而发展为肺间质纤维化和肺动脉高压；
（2）心脏：心功能受损达到美国纽约心脏病学会心功能状态分级IV 级；（3）肾脏：肾脏受损导致双肾功能慢性不可逆衰竭，达到尿毒症期。
以下情况不在保障范围内：
	（1）局限性硬皮病（带状硬皮病或斑状损害）
	（2）嗜酸性筋膜炎
	（3）CREST 综合征
（四十七）慢性复发性胰腺炎 
	胰腺炎反复发作超过三次以上并导致胰腺功能紊乱和营养不良，需要接受酶替代治疗。诊断必须有消化科专科医生确认并且有内窥镜逆行胰胆管造影所证实。因酒精所致的慢性复 发性胰腺炎除外。
（四十八）溶血性链球菌引起的坏疽 
	包围肢体或躯干的浅筋膜和/或深筋膜受到溶血性链球菌的感染，病情在短时间内急剧 恶化，已经立刻进行了手术及清创术。最后的诊断必须由微生物或病理学专家进行相关检查 后证实。
（四十九）因职业关系导致的HIV 感染 
	被保险人在其常规职业工作过程中遭遇外伤，或职业需要处理血液或其它体液时感染上 人类免疫缺陷病毒（HIV）。必须满足下列全部条件：
	（1）感染必须是在被保险人正在从事其职业工作中发生，该职业必须属于下列限定职 业范围内的职业；
	（2）血清转化必须出现在事故发生后的6 个月以内；
	（3）必须提供被保险人在所报事故后发生的5 天以内进行的检查报告，该报告必须显 示被保险人血液人类免疫缺陷病毒（HIV）阴性和/或人类免疫缺陷病毒（HIV）抗体阴性；	（4）必须在事故发生后的12 个月内证实被保险人体内存在人类免疫缺陷病毒（HIV）或人类免疫缺陷病毒（HIV）抗体。
限定职业：
	医生和牙科医生、护士、医院化验室工作人员、医院护工、医生助理和牙医助理、救护 车工作人员、助产士、消防队员、警察、狱警。
在任何治愈艾滋病或阻止人类免疫缺陷病毒（HIV）病毒作用的疗法被发现以后，或能 防止艾滋病发生的医疗方法被研究出来以后，本保障将不再予以赔付。
本公司承担本项疾病责任不受本合同责任免除中“被保险人感染艾滋病病毒或患艾滋 病”的限制。
（五十）植物人状态 
	指脑皮质广泛性坏死而导致对自身及周边的认知能力完全丧失，但脑干功能依然存在。
39


中移在线员工补充医疗保险服务手册


必须由神经专科医生明确诊断，并有头颅断层扫描（CT），核磁共振检查（MRI）或正电子 发射断层扫描（PET）等影像学检查证实。


上述情况必须有至少一个月的病历记录加以证实。由于酗酒或滥用药物所致的植物人状 态不在保障范围内。


（五十一）脊柱裂 
	指脊椎或颅骨不完全闭合，导致脊髓脊膜突出，脑（脊）膜突出或脑膨出，合并大小便 失禁，部分或完全性下肢瘫痪或畸形等神经学上的异常，但不包括由X 线摄片发现的没有 合并脊椎脊膜突出或脑（脊）膜突出的隐形脊椎裂。


本公司承担本项疾病责任不受本合同责任免除中“遗传性疾病，先天性畸形、变形或染 色体异常”的限制。
（五十二）严重冠状动脉粥样硬化性心脏病 
	指经冠状动脉造影检查明确诊断为主要血管严重狭窄性病变，须满足下列至少一项条 件：
	（1）左冠状动脉主干和右冠状动脉中，一支血管管腔堵塞75%以上，另一支血管管腔 堵塞60%以上；
	（2）左前降支、左旋支和右冠状动脉中，至少一支血管管腔堵塞75%以上，其他两支 血管管腔堵塞60%以上。左前降支的分支血管、左旋支的分支血管及右冠状动脉的分支血管 的狭窄不作为本保障的衡量指标。


（五十三）全身性（型）重症肌无力 
	是指一种神经与肌肉接头部位传递障碍的自身免疫性疾病，临床特征是局部或全身横纹 	下肢近端肌群以至全 肌于活动时易于疲劳无力，颅神经眼外肌最易累及，也可涉及呼吸肌、
身肌肉，须经本公司认可的神经科医师确诊。其诊断必须同时具有下列情况：
	（1）经药物、胸腺手术治疗一年以上无法控制病情，丧失正常工作能力；
	（2）出现眼睑下垂，或延髓肌受累引起的构音困难、进食呛咳,或由于肌无力累及延髓 肌、呼吸肌而致机体呼吸功能不正常的危急状态即肌无力危象；
	（3）症状缓解、复发及恶化交替出现，临床接受新斯的明等抗胆碱酯酶药物治疗的病 史。


（五十四）严重心肌炎 
	指心肌局限性或弥漫性的急性或慢性炎症病变，导致心脏功能障碍，达到纽约心脏学会 心功能分级状态分级IV 级，且需持续至少90 天。


（五十五）肺淋巴管肌瘤病 
	血管和淋巴 肺淋巴管肌瘤病是一种弥漫性肺部疾病，主要病理改变为肺间质、支气管、
管内出现未成熟的平滑肌异常增生，同时需满足下列全部条件：
	（1）经组织病理学诊断；
	（2）CT 显示双肺弥漫性囊性改变；
	（3）休息时出现呼吸困难或并经本公司认可医院的专科医生认可有必要进行肺移植手 术。


（五十六）严重感染性心内膜炎 
	指因细菌、真菌和其他微生物（如病毒、立克次体、衣原体、螺旋体等）直接感染而产 生心瓣膜或心室壁内膜的炎症，须经心脏专科医生确诊，并符合以下所有条件：
	（1）血液培养测试结果为阳性，并至少符合以下条件之一：
	a.微生物：在赘生物，栓塞的赘生物或心脏内脓肿培养或组织检查证实有微生物；	b.病理性病灶：组织检查证实赘生物或心脏内脓肿有活动性心内膜炎；
	c.分别两次血液培养证实有典型的微生物且与心内膜炎符合；


40


中移在线员工补充医疗保险服务手册


d.持续血液培养证实有微生物阳性反应，且与心内膜炎符合。


（2）心内膜炎引起中度心瓣膜关闭不全（指返流指数20%或以上）或中度心瓣膜狭窄（指心瓣膜开口范围小于或等于正常的30%）；
	（3）心内膜炎及心瓣膜损毁程度需经由心脏专科医生确诊。


（五十七）严重的肺源性心脏病 
	指因慢性肺部疾病导致慢性心功能损害造成永久不可逆性的心功能衰竭。心功能衰竭程 度达到美国纽约心脏病学会心功能状态分级IV 级。永久不可逆性的体力活动能力受限，不 能从事任何体力活动。


（五十八）肾髓质囊性病 
肾髓质囊性病的诊断须同时符合下列要求：
（1）肾髓质有囊肿、肾小管萎缩及间质纤维化等病理改变；（2）肾功能衰竭；
（3）诊断须由肾组织活检确定。


本公司承担本项疾病责任不受本合同责任免除中“遗传性疾病，先天性畸形、变形或染 色体异常”的限制。


（五十九）败血症导致的多器官功能障碍综合征 
	指由我司认可医院的专科医生确诊为败血症，并由血液或骨髓检查证实致病菌，伴发一 个或多个器官系统生理功能障碍，并因该疾病入住重症监护病房至少96 小时，同时至少满 足以下一条标准：
	（1）呼吸衰竭，需要进行气管插管机械通气；
	（2）凝血血小板计数<50×10³/微升；
	（3）肝功能不全，胆红素> 6mg/ dl 或> 102μmol/L；
	（4）已经使用强心剂；
	（5）昏迷：格拉斯哥昏迷评分（GCS）<= 9；
	（6）肾功能衰竭，血清肌酐>300μmol/ L 或>3.5mg / dl 或尿量<500ml/d；	非败血症引起的多器官功能障碍综合征不在保障范围内。


（六十）进行性核上性麻痹 
	本疾病必须由本公司认可的医院的神经 一种隐袭起病、逐渐加重的神经系统变性疾病。


科专科医生确诊，并须满足下列所有条件：
（1）步态共济失调；
（2）对称性眼球垂直运动障碍；
（3）假性球麻痹，表现为构音障碍和吞咽困难。


（六十一）失去一肢及一眼 
因疾病或受伤导致以下两项情形同时不可复原及永久性完全丧失：（1）一眼视力；
（2）任何一肢于腕骨或踝骨部位或以上切断。


（六十二）需手术切除的嗜铬细胞瘤 
	是指肾上腺或嗜铬外组织出现神经内分泌肿瘤，并分泌过多的儿茶酚胺类，需要确实进 行手术以切除肿瘤。嗜铬细胞瘤的诊断必须由内分泌专科医生确定。


（六十三）颅脑手术 
	因 被保险人确已实施全麻下的开颅手术（不包括颅骨钻孔手术和经鼻蝶窦入颅手术）。


外伤而实施的脑外科手术不在保障范围之内。理赔时必须提供由神经外科医生出具的诊断书 及手术报告。


（六十四）严重自身免疫性肝炎
41
中移在线员工补充医疗保险服务手册


自身免疫性肝炎是一种原因不明的慢性肝脏的坏死性炎性疾病，机体免疫机制被破坏，产生针对肝脏自身抗原的抗体导致自身免疫反应，从而破坏肝细胞造成肝脏炎症坏死，进而 发展为肝硬化。必须满足所有以下条件：
	（1）高γ球蛋白血症；
	（2）血液中存在高水平的自身免疫抗体，如ANA（抗核抗体）、SMA（抗平滑肌抗体）、抗LKM1 抗体或抗-SLA/LP 抗体；
	（3）肝脏活检证实免疫性肝炎；
	（4）临床已经出现腹水、食道静脉曲张和脾肿大等肝硬化表现。


（六十五）艾森门格综合征 
	因心脏病导致的严重肺动脉高压及右向左分流。诊断必须由心脏专科医生经超声心动图 和心导管检查证实及需符合以下所有标准：
	（1）平均肺动脉压高于40mmHg；
	（2）肺血管阻力高于3mm/L/min（Wood 单位）；
	（3）正常肺微血管楔压低于15mmHg。


先天性心脏病所致的艾森门格综合征不在本保障范围。


（六十六）严重获得性或继发性肺泡蛋白质沉积症 
	因获得性或继发性原因或导致双肺肺泡和细支气管腔内充满不可溶性富磷脂蛋白的疾 病。理赔时须满足下列所有条件：
	染色阳（1）支气管镜活检或开胸肺活检病理检查证实肺泡内充满有过碘酸雪夫（PAS）性的蛋白样物质；
	（2）被保险人因中重度呼吸困难或低氧血症而实际已行全身麻醉下的全肺灌洗治疗。


（六十七）严重慢性缩窄性心包炎 
	由于慢性心包炎症导致心包脏层和壁层广泛瘢痕粘连、增厚和钙化，心包腔闭塞，形成 一个纤维瘢痕外壳，使心脏和大血管根部受压，阻碍心脏的舒张。


被保险人被明确诊断为慢性缩窄性心包炎且必须满足以下所有条件：
	心功能衰竭达到美国纽约心脏病学会心功能状态分级IV 级，并持续180 天以上；（1）
	（2）实际接收了以下任何一种手术路径的心包剥脱或心包切除手术；手术路径：胸骨 正中切口；双侧前胸切口；左前胸肋间切口。经胸腔镜、胸壁打孔进行的手术、心包粘连松 解手术不在保障范围内。


（六十八）胆道重建手术 
	指因胆道创伤导致接受涉及胆总管小肠吻合术的胆道重建手术。手术必须在专科医生认 为是医疗所需的情况下进行。胆道闭锁并不在保障范围内。


（六十九）严重亚历山大病 
	是一种遗传性中枢神经系统退行性病变，特点为脑白质营养不良。临床表现为惊厥发作、智力下降、球麻痹、共济失调、痉挛性瘫痪。亚历山大病必须被明确诊断，并且造成永久性 	无法独立完成六项基本日常生活活动中 神经系统功能损害。被保人自主生活能力完全丧失，
的三项或三项以上，日常生活必须持续接受他人护理。未诊断的疑似病例不在保障范围之内。


本公司承担本项疾病责任不受本合同责任免除中“遗传性疾病，先天性畸形、变形或染 色体异常”的限制。


（七十）肌萎缩脊髓侧索硬化后遗症 
	脊髓前角细胞功能失调、可见的肌 以肌肉无力及萎缩为特征，并有以下情况作为证明：
肉颤动、痉挛、过度活跃之深层肌腱反射和外部足底反射、影响皮质脊髓束、构音障碍及吞 咽困难。必须由我们认可的医院专科医生以适当的神经肌肉检查如肌电图（EMG）证实。本 疾病必须导致严重的生理功能损坏（由被保险人永久性无法独立完成最少3 项基本日常生


42


中移在线员工补充医疗保险服务手册


活活动作为证明）。


（七十一）严重结核性脑膜炎 
由结核杆菌引起的脑膜和脊膜的非化脓性炎症性疾病。需满足以下全部条件：（1）出现颅内压明显增高，表现头痛、呕吐和视乳头水肿；
（2）出现部分性、全身性癫痫发作或癫痫持续状态；
（3）昏睡或意识模糊；
（4）视力减退、复视和面神经麻痹。


（七十二）严重肠道疾病并发症 
严重肠道疾病或外伤导致小肠损害并发症，本疾病须满足以下所有条件：（1）至少切除了三分之二小肠；
（2）完全肠外营养支持三个月以上。


（七十三）瑞氏综合征 
	瑞氏综合征是线粒体功能障碍性疾病，导致脂肪代谢障碍，引起短链脂肪酸、血氨升高，造成脑水肿。


主要临床表现为急性发热、反复呕吐、惊厥及意识障碍等等。


肝脏活检是确诊的重要手段。瑞氏综合征需由三级医院的儿科专科医生确诊，并符合下 列所有条件：
	（1）有脑水肿和颅内压升高的脑脊液检查和影像学检查证据；
	（2）血氨超过正常值的3 倍；
	（3）临床出现昏迷，病程至少达到疾病分期第3 期。


（七十四）神经白塞病 
	白塞病是一种慢性全身性血管炎症性疾病，主要表现为复发性口腔溃疡、生殖器溃疡、眼炎及皮肤损害，并可累及大血管、神经系统、消化道、肺、肾等。累及神经系统损害的白 塞病称为神经白塞病。神经白塞病必须明确诊断，并且已经造成永久不可逆的神经系统功能 损害。永久不可逆的神经系统损害指被保险人持续180 天至少无法独立完成下列基本日常 生活活动之一：
	（1）移动：自己从一个房间到另一个房间；
	（2）进食：自己从已准备好的碗或碟中取食物放入口中。


（七十五）严重面部烧伤 
	指烧伤程度为Ⅲ度，且Ⅲ度烧伤的面积达到面部表面积的80%或80%以上。


（七十六）严重川崎病 
	是一种血管炎综合征，临床表现为急性发热，皮肤粘膜病损和淋巴结肿大。本病须经专 科医生明确诊断，同时须由血管造影或超声心动图检查证实，满足下列至少一项条件：	（1）伴有冠状动脉瘤，且冠状动脉瘤于最初急性发病后持续至少180 天；
	（2）伴有冠状动脉瘤，且实际接受了对冠状动脉瘤进行的手术治疗。


（七十七）重症手足口病 
	由肠道病毒引起的急性传染病，主要症状表现为手、足、口腔等部位的斑丘疹、疱疹。经我们认可的医疗机构的专科医生确诊为患有手足口病，并伴有下列三项中的任意一项并发 症：
	（1）有脑膜炎或脑炎并发症，且导致意识障碍或瘫痪的临床表现及实验室检查证据；	（2）有肺炎或肺水肿并发症，且导致呼吸衰竭的临床表现及实验室检查证据；	（3）有心肌炎并发症，且导致心脏扩大或心力衰竭的临床表现及实验室检查证。


（七十八）严重哮喘 
	指一种反复发作的严重支气管阻塞性疾病，经我们认可的专科医生确诊，且必须同时符


43


中移在线员工补充医疗保险服务手册


合下列标准：
（1）过去两年中曾因哮喘持续状态住院治疗，并提供完整住院记录；（2）因慢性过度换气导致胸廓畸形；
（3）在家中需要医生处方的氧气治疗法；
（4）持续日常服用口服类固醇激素治疗持续至少六个月。


（七十九）器官移植导致的HIV 感染 
	指因进行器官移植而感染上人类免疫缺陷病毒（HIV），且须满足下列全部条件：	（1）被保险人因治疗必需而实施器官移植，并且因器官移植而感染人类免疫缺陷病毒（HIV）；
	（2）提供器官移植治疗的器官移植中心或医院出具该项器官移植感染，属于医疗责任 事故的报告，或者法院终审裁定为医疗责任并且不准上诉；
	（3）提供器官移植治疗的器官移植中心或医院必须拥有合法经营执照。


在任何治愈艾滋病或阻止人类免疫缺陷病毒（HIV）病毒作用的疗法被发现以后，或能 防止艾滋病发生的医疗方法被研究出来以后，本保障将不再予以赔付。


本公司承担本项疾病责任不受本合同责任免除中“被保险人感染艾滋病病毒或患艾滋 病”的限制。


（八十）进行性多灶性白质脑病 
	是一种亚急性脱髓鞘性脑病，常常发现于免疫缺陷的病人。必须由神经科专科医生根据 脑组织活检确诊。


（八十一）脊髓小脑变性症 
	脊髓小脑变性症为一组以小脑萎缩和共济失调为主要临床特点的疾病。必须符合所有以 下条件：
	（1）脊髓小脑变性症必须由医院诊断，并有以下证据支持：
	a.影像学检查证实存在小脑萎缩；
	b.临床表现存在共济失调、语言障碍和肌张力异常。


（2）被保险人运动功能严重障碍，自主生活能力完全丧失，无法独立完成六项基本日 常生活活动中的三项或三项以上。


（八十二）多处臂丛神经根性撕脱 
	所造成的手臂感觉功能与运动功能完 由于疾病或意外导致至少两根臂丛神经根性撕脱，
全永久性丧失。


该病须由医院专科医生明确诊断，并且有电生理检查结果证实。


（八十三）细菌性脑脊髓膜炎 
	指因脑膜炎双球菌感染引起脑脊髓膜化脓性病变，且导致永久性神经损害，持续180 天 以上，并且脑脊液检查显示脑膜炎双球菌阳性。


永久性神经损害是指由细菌性脑脊髓膜炎引起的耳聋、失明、动眼神经麻痹、瘫痪、脑 积水、智力或性情中度以上的损害，且上述症状持续180 天以上仍无改善迹象。


（八十四）疾病或外伤所致智力障碍 
	因严重头部创伤或疾病造成被保险人智力低常（智力低于常态）。根据智商（IQ），智 力低常分为中度（IQ35-50）、重度（IQ20-35）和极重度（IQ<20）。智商的检测必须由我 们认可的专职心理测验工作者进行，心理测验工作者必须持有由心理测量专业委员会资格认 	根据被保险人年龄采用对应的智力量表如韦克斯勒智力量表（儿童智力量表或成人智 定书。


力量表）。必须满足下列全部条件：
	（1）造成被保险人智力低常（智力低于常态）的严重头部创伤或疾病（以入院日期为 准）发生在被保险


44


中移在线员工补充医疗保险服务手册


人6 周岁以后；
	（2）专科医师确诊被保险人由于严重头部创伤或疾病造成智力低常；
	（3）专职合格心理检测工作者适时做的心理检测证实被保险人智力低常（中度、重度 或极重度）；
	（4）被保险人的智力低常自确认日起持续180 天以上。


（八十五）严重幼年型类风湿性关节炎 
	指为了治疗幼年型类风湿关节炎，实际实施了膝关节或髋关节置换手术。


其特点为在高热和系统性病征出现数 幼年型类风湿关节炎是一种儿童期发病的慢性关节炎，
月后发生关节炎。被保险人疾病诊断时年龄必须在年满十八周岁之前。


（八十六）席汉氏综合征 
	指因产后大出血并发休克、全身循环衰竭、弥漫性血管内凝血导致脑垂体缺血坏死和垂 体分泌激素不足，造成性腺、甲状腺、肾上腺皮质功能减退。必须满足下列所有条件：	（1）产后大出血休克病史；
	（2）严重腺垂体功能破坏，破坏程度>95%；
	（3）影像学检查显示脑垂体严重萎缩或消失；
	（4）实验室检查显示：
	①垂体前叶激素全面低下（包括生长激素、促甲状腺素、促肾上腺皮质激素、卵泡刺激 素和黄体生成素）；和②性激素、甲状腺素、肾上腺皮质激素全面低下；
	（5）需要终身激素替代治疗以维持身体功能，持续服用各种替代激素超过一年。


（八十七）弥漫性血管内凝血 
	血小板及凝血因子耗竭和 指血液凝固系统和纤溶系统的过度活动导致微血管血栓形成、
严重出血，需要输注血浆和浓缩血小板进行治疗。


（八十八）血管性痴呆 
	指由缺血性卒中、出血性卒中和造成记忆、认知和行为等脑区低灌注的脑血管疾病所致 	无法独立完成六项基本日常 的严重认知功能障碍综合征。被保险人自主生活能力完全丧失，
生活活动中的三项或三项以上，
日常生活必须持续受到他人监护。导致痴呆的疾病必须明确 诊断，并且有完整的临床、实验室和影像学检查结果证实。神经官能症，精神疾病及酒精中 毒所致脑损害不在保障范围内。


（八十九）额颞叶痴呆 
	临床以明显的人格、行为改变和认知障碍为 指一组以额颞叶萎缩为特征的痴呆综合征，
特征。被保险人自主生活能力完全丧失，无法独立完成六项基本日常生活活动中的三项或三 项以上，日常生活必须持续受到他人监护。
导致痴呆的疾病必须明确诊断，并且有完整的临 床、实验室和影像学检查结果证实。


神经官能症，精神疾病及酒精中毒所致脑损害不在保障范围内。


（九十）路易体痴呆 
	指一组在临床和病理表现上以波动性认知功能障碍、视幻觉和帕金森综合征为临床特 点，以路易体为病理特征的神经变性疾病。被保险人自主生活能力完全丧失，无法独立完成 	导致痴呆的 六项基本日常生活活动中的三项或三项以上，日常生活必须持续受到他人监护。


疾病必须明确诊断，并且有完整的临床、实验室和影像学检查结果证实。神经官能症，精神 疾病及酒精中毒所致脑损害不在保障范围内。


（九十一）脑型疟疾 
	恶性疟原虫严重感染导致的脑病或脑型疟疾，以昏迷为主要特征。脑型疟疾的诊断须由 注册医生确认，且外周血涂片存在恶性疟原虫。


其他明确病因导致的脑病不在保障范围内。


45


中移在线员工补充医疗保险服务手册


（九十二）严重出血性登革热 
	是由登革热病毒引起的急性传染病，须经专科医生明确诊断，并须出现下列一种或多种 严重登革热的临床表现：
	（1）血浆渗漏致休克或胸腔积液伴呼吸困难；
	（2）严重出血：消化道出血、阴道大出血、颅内出血、肉眼血尿或皮下血肿（不包括 皮下出血点）；
	（3）严重器官损害或衰竭：肝脏损伤（ALT 或AST>1000IU/L）、ARDS（急性呼吸窘迫 综合征）、急性心功能衰竭、急性肾功能衰竭、脑病。非出血性登革热并不在保障范围内。


（九十三）头臂动脉型多发性大动脉炎旁路移植手术 
	头臂动脉型多发性大动脉炎旁路移植手术：多发性大动脉炎（高安氏动脉炎）是一种发 生在主动脉和其主要分支的慢性炎症性动脉疾病，表现为受累动脉狭窄或闭塞。头臂动脉型 多发性大动脉炎是指多发性大动脉炎头臂动脉型（I 型），又称为无脉症。被保险人被明确 诊断为头臂动脉型多发性大动脉炎并且实际接受了经胸部切开进行的无名动脉（头臂干）、颈总动脉、锁骨下动脉旁路移植手术。非开胸的血管旁路移植手术、因其他病因而进行的旁 路移植手术，对其他动脉进行的旁路移植手术，经皮经导管进行的血管内手术不在本保障范 围内。


（九十四）范可尼综合征 
指近端肾小管的功能异常引起的一组症候群。须满足下列至少两个条件：
（1）尿液检查出现肾性糖尿、全氨基酸糖尿或磷酸盐尿；
（2）血液检查出现低磷血症、低尿酸血症或近端肾小管酸中毒；
（3）出现骨质疏松、骨骼畸形或尿路结石；
（4）通过骨髓片、白细胞、直肠黏膜中的结晶分析或裂隙灯检查角膜有胱氨酸结晶。


（九十五）Ⅲ度房室传导阻滞 
	指心房激动在房室交界区、房室束及其分支内发生阻滞，不能正常地传到心室的心脏传 导性疾病，须满足下列所有条件：
	（1）心电图显示房室搏动彼此独立，心室率<50 次/分钟；
	（2）出现阿-斯综合征或心力衰竭的表现；
	（3）必须持续性依赖心脏起搏器维持心脏正常功能，且已经放置心脏起搏器。


（九十六）库鲁病 
	指一种亚急性传染性朊蛋白病。临床表现为共济失调、震颤、不自主运动，在病程晚期 出现进行性加重的痴呆，神经异常。该病必须由专科医生根据检测出的脑组织中的致病蛋白 而明确诊断。


（九十七）脊髓血管病后遗症 
	表现为 指脊髓血管的突发病变引起梗塞或出血，导致永久性不可逆神经系统功能损害，截瘫或四肢瘫。神经系统永久性功能障碍指疾病确诊180 天后，自主生活能力完全丧失，无法独立完成六项基本生活活动中的三项或三项以上。


（九十八）大面积植皮手术 
	指为修复皮肤与其下的组织缺损所进行的皮肤移植手术，要求皮肤移植的面积达到全身 体表面积的30%及以上。体表面积根据《中国新九分法》计算。


（九十九）急性肺损伤或急性呼吸窘迫综合征 
	是一种表现为无心脏衰竭的急性肺水肿，是创伤、脓毒血症等临床多种疾病的急性并发 症。急性肺损伤或急性呼吸窘迫综合征必须由呼吸系统专科医师诊断，并有所有以下临床证 据支持：
	（1）急性发作（原发疾病发病后6 小时-72 小时）；


46


中移在线员工补充医疗保险服务手册


（2）急性发作的临床症状体征：包括呼吸急促、呼吸困难、心动过速、大汗、面色苍 白及辅助呼吸肌活动加强（点头呼吸、提肩呼吸）；
	（3）双肺浸润影；
	（4）PaO2/FiO2（动脉血压分压/吸入气氧分压）低于200mmHg；
	（5）肺动脉嵌入压低于18mmHg；
	（6）临床无左房高压表现。


理赔时必须提供上述相应的证明文件或检查报告。


（一百）溶血性尿毒综合征 
	一种由于严重感染导致的急性综合征，引起红细胞溶血、肾功能衰竭及尿毒症。溶血性 尿毒综合征必须由血液和肾脏专科医师诊断，并且符合所有以下条件：
	（1）实验室检查确认感染源，实验室检查确认有溶血性贫血、血尿、尿毒症、血小板 减少性紫癜；
	（2）因肾功能衰竭实施了肾脏透析治疗。


任何因非感染导致的溶血性贫血（如自身免疫性溶血性贫血、与红细胞缺陷有关的溶血 性贫血、血红蛋白病等）导致的急性尿毒症，不在本保障范围内。


47


中移在线员工补充医疗保险服务手册


太平养老保险股份有限公司河南分公司


地址：郑州市金水东路39号出版传媒大厦16楼


电话：0371-69333986


",,
GQ-11_13_16EA2FEX热水器说明书-A.pdf.json_processed.json,"[[1, 2], [3, 3], [4, 4], [5, 5], [6, 6], [7, 10], [11, 11], [12, 12], [13, 13], [14, 14], [15, 16], [17, 30], [31, 31], [32, 32], [33, 33], [34, 34], [35, 43], [44, 46], [47, 54], [55, 55], [56, 56], [57, 57], [58, 58], [59, 59], [60, 60], [61, 76], [77, 88], [89, 89], [90, 93], [94, 94], [95, 129], [130, 130], [131, 138], [139, 139], [140, 145], [146, 146], [147, 147], [148, 148], [149, 152], [153, 153], [154, 154], [155, 155], [156, 156], [157, 157], [158, 158], [159, 159], [160, 160], [161, 161], [162, 162], [163, 163], [164, 164], [165, 165], [166, 166], [167, 178], [179, 193], [194, 194], [195, 195], [196, 196], [197, 197], [198, 198], [199, 199], [200, 200], [201, 201], [202, 202], [203, 203], [204, 204], [205, 205], [206, 206], [207, 207], [208, 208], [209, 209], [210, 210], [211, 211], [212, 212], [213, 213], [214, 214], [215, 215], [216, 216], [217, 217], [218, 218], [219, 219], [220, 220], [221, 221], [222, 222], [223, 223], [224, 237], [238, 248], [249, 249], [250, 250], [251, 251], [252, 252], [253, 253], [254, 254]]","家用供热水燃气快速热水器
使用说明书  附免费修理保证书


目录


| 产品编号 | 产品型号 | 警告以及安全上的注意事项…………………… 2 |
| 产品编号 | 产品型号 | 热水器外观示意图……………………………… 3 |
| GQ-11EA2FEX | JSQ23-EA2 | 热水器外观示意图……………………………… 3 |
| GQ-11EA2FEX | JSQ23-EA2 | 主操作器………………………………………… 3 |
| GQ-13EA2FEX | JSQ25-EA2 | 使用方法………………………………………… 4 |
| GQ-13EA2FEX | JSQ25-EA2 | 寒冷天气防止冻伤热水器的方法……………… 5 |
| GQ-16EA2FEX | JSQ31-EA2 | 寒冷天气防止冻伤热水器的方法……………… 5 |
| GQ-16EA2FEX | JSQ31-EA2 | 故障判断………………………………………… 6 |


热水器的性能规格、装箱清单以及选配件…… 7 
安装前的注意事项……………………………… 8 
安装场所的确认………………………………… 9 
热水器的安装……………………………………10 
排气管道的安装…………………………………14 
电气布线施工……………………………………14 
试运行……………………………………………15 
日常检查、保养的方法…………………………16 
售后服务…………………………………………16 
外形尺寸图………………………………………17 
免费修理保证书………………………………封底


本产品执行标准：GB6932《家用燃气快速热水器》


感谢您购买并使用能率牌家用供热水燃气快速热水器！
●使用前请仔细阅读本使用说明书，以便正确操作。
●请确认已经在免费修理保证书(封底)上填好购买日期，商店名称等内容。●请妥善保管本使用说明书(附免费修理保证书)，以便随时查阅。
●如无特别指明，本说明书的内容对上述机种都适用。


|  ※本公司产品责任险由本公司指定的保险公司承保 全国服务热线：4009881998 |  *FK2M001*① |


购买时，请填好包修卡中的用户姓名、购机日期、购买商店、发票号码、包修卡请勿遗失，妥善保管。由于产品的改进，某些结构可能与说明书插图不完全一致，恕不另行通知，产品规格以器具铭牌为准，请谅解。


号码


更多资讯欢迎您扫一扫
（仅限中国大陆地区）


| 生产企业： | 能率官方微信 | 能率官方微博 |
4009881998 （021）66629595


■警告以及安全上的注意事项
危险
● 发现漏气时，请立即停止使用，关闭燃气阀，打开门窗，立即与本公司维修	 部或当地燃气管理部门联系。
● 万一发生漏气时，请不要点明火，不要开关电器器具，不要插拔电源插头，	 不使用周围的电话。
● 请勿在卸下排气管接头或排气管破裂及堵塞的状态下使用。烟气泄漏到室内	 会导致一氧化碳中毒。
● 热水器使用的电源插座由用户提供，用户必须确保其安装符合电气技术要求	 并可靠接地。不满足以上条件有可能引起触电伤亡。
|  | 警告 |
● 用户提供的安装场所必须符合说明书的要求，否则由此引发的一切后果，本	 公司不承担任何责任。
● 机器的安装、维修、移动及附带工程等务必委托本公司服务部门或具有正规	 安装资质的服务商进行，否则由此引发的一切后果，本公司不承担任何责任。● 国家规定：“燃具从出售当日起，人工煤气热水器的判废年限应为6年，液化	 石油气和天然气的热水器判废年限应为8年。”请使用本公司产品的广大用户	 参照《国家标准》执行。
● 请按照铭牌上所示的燃气种类和电源类型正确选用。（若使用指定以外的燃	 气、电源，有可能造成异常燃烧，并导致火灾或触电。）
● 在感觉异常燃烧、异常气味、及发生地震、火灾等紧急情况时，请关闭出水	 阀，将运转开关切换为“关闭”状态，关闭燃气阀和进水阀，立即与本公司	 维修部或网点联系。
● 在淋浴时，除沐浴者以外的其他人员请不要去改变原来设定的温度，请勿将	 运行开关切换为“关闭”状态。
● 在热水器周围及排气口周围、排气口上不可放置易燃易爆物品。（衣服、报	 纸、煤油等）
● 非修理技术人员请勿对热水器进行修理、拆卸及改造。（有可能导致触电、	 火灾或故障。）
● 请勿因增建或改建等原因使排气口位于室内。（有可能导致一氧化碳中毒或	 火灾。）
● 远离易燃物（树木、木材、箱子等）。
● 严禁安装在室外。（有可能造成雨水浸入或火苗被风吹动，从而导致故障的	 发生或造成火灾。）
● 进气口堵塞。（进气口因为垃圾等堵塞时，请将其清除干净。否则将会造成	 不完全燃烧。
● 请勿在热水器主机及排气口的周围放置、使用喷雾罐。（喷雾罐的压力有可	 能遇热上升，从而导致爆炸或火灾。）
● 插、拔电源插头时，绝对不能用潮湿的手操作。（有可能造成触电。）● 请勿进行可能损坏电源线、电源插头的操作。请勿施加强力，如捆扎、强制	 弯曲、拉伸、放置重物、撞击等操作。请勿进行损坏。（有可能导致触电、	 短路或火灾。）
● 切实插紧电源插头。（如未插紧，有可能导致触电或火灾。）
● 经常清除电源插头上的灰尘。（灰尘积存后，有可能导致火灾。）


|  | 注意 |


● 拔下电源插头时，请手握插头将其拔出，请勿手拿电源线拔插头。（如果手	 拿电源线拔插头，有可能损坏电源线，从而导致发热、火灾或触电。）● 一旦打雷，请立即停止使用热水器，并切断电源。


● 绝对禁止与其他热水器连接（有可能无法控制热水温度，从而导致烫伤和机	 器故障。）


2


■热水器外观示意图
排气筒连接口
面罩
操作器
泄压阀
燃气阀（自备）
进水阀（自备）
电源线插头
■主操作器


| 燃烧指示灯 
安心使用标志 调节按钮（-） | 设定温度显示 调节按钮（+） |
运行开关
3


■使用方法
●初次使用时的操作步骤
 ※初次使用时，请按以下1-4的步骤进行检查后再使用。
2.打开出水阀检查有水后再关闭。 3.打开燃气阀。
1.打开进水阀。
4.插上电源插头。或者打开插座上的开关。（※请勿用潮湿的手触摸）
●使用热水
 1.按一次运行开关，运行灯点亮，显示当前设定温度。 2.打开热水龙头或打开花洒。
3.停止使用热水时，关闭热水龙头或关闭花洒。
※为了防止烫伤，使用设定温度在50℃以上的高温热水后，再次使用前请特别注意水温。※沐浴时，禁止使用者以外的人去改变出水温度、关机。（旨在防止高温设定下的出水 烫伤。另外，如果突然降低出水温度或停止运行，使用者可能会因水温突然变冷而受 到惊吓。）


●调节出水温度
 1.按一次运行开关。（显示当前设定温度） 2.使用调节按钮调节水温。


★热水温度的设定值★


| 洗餐具等 | 沐浴、供给热水等 | 供给热水等 | 高温用水 |


沐浴或使用热水前，请先确认操作器显示的出水温度，并用手确认 水温合适后方可使用。


为了防止烫伤，使用设定温度在50℃以上的高温热水后，再次使用前请特别注意水温。


4


■寒冷天气防止冻伤热水器的方法
●发布低温警报或严寒时请采取以下措施
●请按照如下要领，通过流水来预防冻结。
不仅可以预防热水器冻结，而且还可同时预防供水管、出水管和进水阀等处冻结。1.将运转开关切换为""关闭""。
2.关闭燃气阀。
3.打开浴室的出水阀，使其流出少量的水(每分钟大约400毫升，水流粗细4毫米)。 ※如果是带有恒温器的混合水阀和单柄混合水阀，请将其设定在最高温的位置。4.有时流量会有不稳定的状态，过30分钟后，再次确认流量。
※为了预防结露，请用户不要在将运转开关切换为""关闭""的状态下使水从出水	 阀中流出，但如果采取了预防冻结的措施，则不会有问题。
| *如果是带有恒温器的混合水阀和单柄混合水阀，请注意重新使用时的温度设定，以免 |
| 被烫伤。 |
| *即使采取这一措施后仍有可能冻结时，请按照下面所载的要领排出热水器里面的水。 |
●热水器自动运行防冻装置（编号中带有“X”的防冻机型）
●在需要对机器进行防冻加热的季节里请不要切断电源及供气，并确保主操作器运转开关必 须为""打开""状态，否则防冻功能将不能自动运行。
●由于在防冻工作时，热水器会在无人操作的情况下自动启动，此现象属于正常现象。 如停电请按（长期停用时请进行排水）方法操作。
| *防冻装置只能对机器内的管道进行保护，而无法预防机器外的管道冻结。请务必 |
| 根据地区情况采用相应措施，如卷绕保温材料或电加热装置等。（有不明之处请 |
| 向本公司维修部或服务网点确认） |


●因冻结不出水时 
	1.关闭燃气阀、进水阀。
2.将运转开关切换为""关闭""，并打开出水阀。
3.时常打开进水阀，确认有水流出。
4.即使能够出水，也请在切实确认热水器及管路无漏水之后再进行使用。
| 如果出现冻结，请勿在冻结的情况下继续使用。有可能造成热水器的故障。 |
●长期停用时请进行排水
	※使用热水后，热水器内部的水处于高温状态；因此，请在机器冷却之后再进行排水。
●请按照如下要领进行排水。
4.关闭进水阀。5.打开出水阀。6.卸下泄压阀的固定螺钉，拔出泄压阀。7.完成第6步的操作，经过10分钟以上并确 认已经完全排水后，并装回泄压阀及关 闭所有出水阀。
泄压阀等处会流出约500毫升的水，因此请 在热水器下面放置容器来接排水。
1.关闭燃气阀。
2.将运转开关切换为""关闭""。
3.拔下电源插头，切断电源。（请勿用潮湿的手操作）


5


●再次使用时请注意 
1.确认泄压阀均已安装。
2.确认所有出水阀均已关闭。
3.请按第4页的“初次使用时的 操作步骤”进行检查、操作。
4.泄压阀安装注意事项：装回时务 必将泄压阀本体上的“▲”标志与 安装螺丝孔平行位置时再进行螺钉 紧固。


↑
 此标志指向安 
装螺丝孔的位置


■故障判断
	●与水温相关	●其他
◆ 打开出水阀不排放热水。
a.燃气阀、进水阀是否全部打开？
b.是否出现停水？
c.出水阀是否充分打开？
d.排水栓的过滤器是否被杂物等堵塞？ e.是否出现冻伤？
f.运行开关是否切换到了“关闭”状态？ g.电源插头是否被拔下？
h.热水器温度设置是否设定在高温段？
◆ 打开出水阀不马上出热水。
a.因为设定温度及配管条件不同，启动保 温功能后配管内的热水达到设定温度需 要一点时间。
b.由于热水器到出水阀有一段距离，所以 打开出水阀后稍等片刻才有热水流出。
◆ 水温不易降低。
a.进水阀是否全部打开？
b.出水温度设定是否合适？
c.出水温度较高、要求出水温度较低时， 可能达不到要求。请将出水阀打开到最 大，使热水温度稳定。
◆ 使用中途熄火
 a.燃气阀、进水阀是否全部打开？
b.是否出现停水？
c.出水阀是否充分打开？
d.连续使用60分钟会自动熄火防止缺
	 氧，请关闭热水龙头，过一会再使用。
◆ 寒冷天气排烟口冒出白色烟雾。
	就像人冬天呼出的气息看上去是白色	 的一样，这是因为烟气中的水蒸气看	 上去是白色的所致。
◆ 热水出现白色浑浊。
由于水中空气受热后在水中的溶解度 减小，溢出产生气泡。无污染无害。
◆ 水看上去发蓝，浴缸和洗脸台变成蓝	 色。
水中含有微量的铜离子，并生成蓝色 的化合物。因此有时看上去水发蓝或 浴缸及洗脸台变成蓝色，但对健康无 碍。经常清洗浴缸和洗脸台就不易出 现变色。
◆ 调节出水阀，出水流量减小后水温下降。	●故障代码
a.从出水阀流出的热水量达到每分钟约2.5	 升以下时熄火。
b.如果将出水阀开的更大，增加热水量，	 热水的温度就会稳定。
◆ 无法调节出水温度。
操作器表面是否有油污、水渍。
◆ 不能达到设定的热水温度。
管道内存在上一次运行后的残余热水（ 冷水），根据管道内残余的水量，会比 设定的温度低一些。
燃烧时间超过60分钟。
请关闭出水阀,暂时将运转开关切换为“关闭”，并再次切换为“打开”后进 行使用。
发生点火错误。
燃烧中途熄火。


请将运转开关切换为""关闭""，并确认燃 气阀是否打开？如有问题请处理。然后 将运转开关切换为""打开""，打开出水阀， 这时如果未出现故障显示就属正常。


●与操作器、遥控器相关 	点检告知。
◆ 操作器无显示。
a.是否停电？
b.电源插头是否插好？
请专业技术人员进行保养检查，判断是否 可以继续使用。
*该显示不影响操作使用。
◆ 停电或拔下电源插头后，如果重新通电，
 出水温度就会变为出厂时的设定温度，
 因此请重新设定。
●与声音相关
◆ 为了再次使用时尽快点火成功并且
	 尽快稳定温度，在停止运行后，风 
	机仍有短时间的转动。这一现象并 
	非故障。


6


■热水器的性能规格、装箱清单以及选配件●热水器性能规格表
|  | 11升 | 13升 | 16升 |
| 产 品 型 号 | JSQ23-EA2 | JSQ25-EA2 | JSQ31-EA2 |
| 产 品 编 号 | GQ-11EA2FEX | GQ-13EA2FEX | GQ-16EA2FEX |
| 分 类 | 控 制 方 式 | 电子式燃气比例控制(FF+FB) |
| 分 类 | 安 装 方 式 | 室内型壁挂式 |
| 分 类 | 排 气 方 式 | 强制排气式(FE式) |
| 点 火 方 式 | 电脉冲点火 |
| 适用水压<MPa> | 0.08～0.5 |
| 外 形 尺 寸 <mm> | 高559×宽350×深170 |
| 能 效 等 级 | 2级 |
| 连 接 管 | 出 水 管 | R1/2 |
| 连 接 管 | 进 水 管 | R1/2 |
| 连 接 管 | 燃 气 管 | R1/2 |
| 电 气 相 关 | 适 用 电 源 | AC220V(50Hz) |
| 电 气 相 关 | 额定功率<W> | 30 | 40 | 45 |
| 电 气 相 关 | 防冻加热电功率 <W> | 65 |
| 使 用 燃 气 | 天然气 |
| 额定燃气压力〈Pa〉 | 2000 |
| 额定热负荷〈KW〉 | 23.0 | 25.0 | 31.0 |
| 额定最小热负荷〈KW〉 | 4.5 | 5.0 |
| 额定热负荷时产 热水量〈Kg/min〉水温+25℃上升 | 11.7 | 13 | 16 |
●装箱清单
| (13L、16L用) | 热水器本体 |
波纹管	（仅限防冻机型）●选配件
	●减压阀 
	●橡胶软管
	●金属软管
7


■安装前的注意事项


| 带“X”的 
为防冻机器 制造年 制造月 | 使用天然气的情况下 家用供热水燃气快速热水器 产品编号:  OOOOOOO 
使用燃气种类:  天然气 
制造代号:  OO.OO-OOOOO |
| 带“X”的 
为防冻机器 制造年 制造月 | 产品型号: | OOOOO | 额定燃气压力: | OOOO |
| 带“X”的 
为防冻机器 制造年 制造月 | 额定热负荷: | OOO | 适用水压: | OOOOOOO |
| 带“X”的 
为防冻机器 制造年 制造月 | 额定产热水能力 :OOOOO | 额定电压: | AC | 220 V 50 Hz |
| 带“X”的 
为防冻机器 制造年 制造月 | 额定输入功率: | OOO | 额定频率: | AC | 220 V 50 Hz |
| 带“X”的 
为防冻机器 制造年 制造月 | 防冻加热电功率: | :- - - | 防触电保护类型: I类电器 |
| 带“X”的 
为防冻机器 制造年 制造月 | 防水等级 : | OOOO |


生产者（制造商）：OOOOOOOOOOOOOO 
生产企业：OOOOOOOOOOOOOO 
检验合格12T


■安装场所的确认
|  |
| 不得安装于室外、卧室、地下室、浴室、客厅 |  |
| 以及橱柜内。否则可能会造成热水器损坏或火 |  |
| 灾及人身危害事故。 |  |
|  |
| 不得安装于楼梯或安全出口附近 |  |
| 请不要将本热水器安装在有易燃易爆 |  |
| 物品（如汽油、苯、粘接剂等）或有 |  |
| 腐蚀性气体（如氨、氯气、硫、乙烯 |  |
| 化合物或酸类等）的地方 |  |
|  |
|  | 热水器安装位置上方不得有明布电线、 |
|  | 电器设备、燃气管道，下方不能设置 |
|  | 燃气烤炉、燃气灶具等燃气具。 |
|  | 燃气烤炉、燃气灶具等燃气具。 |
|  | 燃气烤炉、燃气灶具等燃气具。 |


8


■关于进气


设置进气口和上部换气口。不过，进气口是绝对必需的，进气口位置应设在室内高度1/2以下,而对上 部换气口并没有硬性规定。


| 进气口及换气口必须开在 |  |


不包括带填缝材料的门、窗及上锁时用月牙卡铁等固定的门窗。


■安装要求


有关热水器安全前的安装场所确认，必须符合国家标准中有关安装的技术要求。


●安装热水器时，与易燃表面周围（包括 建筑物本身用易燃材料，防火及半易燃 材料装修的部分）之间留出下列所需距


●为便于进行日常检查等，两侧各至少留 出200毫米的间隙。


在热水器前方至少留出600毫米的空间，


离。	 以便进行检查和修理。


※本热水器为后面贴近墙壁安装型。


|  | (单位:毫米) |
|  | (单位:毫米) |
|  | (单位:毫米) |


9


■热水器的安装
●由于热水器的重量会施加在安装热水器的墙壁上，所以如果墙壁的强度 不足时，应进行加固。
●在安装热水器时，要避免热水器跌落或受到其它撞击。否则内部零部件 有可能受到损坏，十分危险。
●务必安装在垂直的墙面上。
●螺丝孔的定位
开孔时要注意避开室内的电线，燃气和自来
水管道等。
●热水器主机的安装
●热水器和建筑物
●应安装在热水器不会因地震及其他震动或撞击而翻倒、 龟裂或破损的地方。
●在布有金属板条、金属网等木质建筑物中安装电气设 备时，必须使热水器和建筑物没有电气性的接触。因此， 必须按照右图进行安装。
10


■排气管的安装
●墙面开孔尺寸
墙面开孔直径
70毫米以上
●墙面开口处和排气筒接头处的处理
●安装参考图
●排气筒接头的连接
※排烟管不得安装在楼房的换气风道及公共烟道
上。
●当排气管道通过封闭空间时
◆检查用开口应设有2个或多个位置，靠近顶板烟道孔，
接近外墙的室外出口，其大小应为450平方毫米或以上。
◆贯穿间隔墙时，应在墙附近留有检查用开口。
◆当封闭空间的顶板烟道孔及墙壁贯穿部分有任何可燃 材料时，请按照上述标准进行处理。
11


●排气筒接头与建筑物的开口
	 处之间的间距。


如安装于沿海或空旷高层等环境时，为了减少大 风等外在因素对本机器的燃烧产生影响，建议在 排气筒安装时，末端与外墙面保留300～400的距 离，可有效减少回风的影响。


500以上


| 150 
以上 | 300～400
 之间 |


650以上


厚度在20毫米以上的阻燃材料


作为固定阻燃材料,除了金属丝网 以外,也可使用退火钢丝等固定。


12


排气管、排气筒接头的安装


| Φ60毫米 | 3个弯头5米 | 直管 | 1 | 2 | 3 | 4 | 5 | 6 | 7 | 8 | 9 | 通常设定 |
| Φ60毫米 | 3个弯头5米 | (米) 
弯头 | 1 | 2 | 3 | 4 | 5 | 6 | 7 | 8 | 9 | 通常设定 |
| Φ60毫米 | 3个弯头5米 | (个) | 1 | 2 | 3 | 4 | 5 | 6 | 7 | 8 | 9 | 需专业设定 |
| Φ60毫米 | 3个弯头5米 | 1 | 2 | 3 | 4 | 5 | 6 | 7 | 8 | 9 | 需专业设定 |


2 
	3 	禁止安装 防止排水滞留


■冷水管及热水管的安装


管道方面的注意事项


冷水管


热水管


13


●


●


■燃气管道的安装


● 	● 	如果在热水器安装场所没有燃气阀门，或 
	者在同一场所已经有燃气阀但位置或尺寸 
	不适合，则必须重新安装热水器，移动其 
	位置或更换一台新的热水器。


● 
如果热水器与其它的燃烧设备同时使用，
则所装的燃气表要能够为热水器提供充足 
的燃气。


■电气布线施工


●


●


●如果电源软线损坏,为避免危险,应由制造商或制造商指定的维修人员进行更换。


14


■试运行


●预防冻结的排水


●对客户进行说明


15


■日常检查、保养的方法
※请将运转开关切换为“关闭”后再进行检查、保养。
使用热水后，热水器内部的水处于高温状态；因此，请在机器冷却之后再 进行排水。（旨在防止烫伤）
●日常检查（定期进行）
1.请勿在热水器及排气口周围放置衣物、纸张、木材、煤油、喷雾罐等易燃易爆物。2.出现以下情况请立即与本公司维修部或服务网点联系。
a.使用时热水器外表面是否有异常现象？
b.使用时热水器内部是否有异常声音？
c.热水器及进/出水管、回水管路有否漏水？
3.排气筒是否出现脱落、破裂及堵塞等情况?(不在排气筒出现脱落、破裂、堵塞的 情况下使用。）
4.背面进风口是否堵塞?(堵塞时进行清洁。）
●日常保养（定期进行）
1.热水器主机外壳的污秽、水汽可用湿布擦拭；当污秽较严重时，可用中性洗涤剂擦拭。2.操作器的表面出现污秽时，请用湿布擦拭。
●请勿使用挥发性油剂及油脂类的洗涤剂清洁操作器。有时会导致变形。
●主操作器不是防水型设计。
3.如果出现热水排放不畅或水温不稳定的情况，有可能是进水接头内的过滤网因水质含 有泥沙而堵塞，需进行滤网清洗。
（出现此现象，请与本公司维修部或服务网点联系。）
※即使使用过程中未出现故障，为防止意外的事故、放心的长期使用，建议每年进行一 次以上的定期检查。请与本公司维修部或服务网点洽谈。（定期检查的建议需收费）


■售后服务
●需要售后服务时	●维修事宜
	◆先按“故障判断”检查后，仍发现有故障，	◆每台机器均附有包修卡，请仔细填好购机	 请勿继续使用并及时与本公司维修部或服	 商店、购机日期、发票号码、机号等内容	 务网点联系。	 ，并妥善保管。
※如果本产品安装在对作业有危险的地方， 可能被拒绝进行售后服务。
（请向本公司技术服务部或服务网点咨询。）
| 报修时需了解的内容： |
| *机器型号(产品编号)(请阅览铭牌的“产品编号”) |
| *购买日期(请查看购机发票或免费修理保证书) |
| *异常的状况(请尽量详细说明故障显示等内容) |
| *住址、姓名、联系电话 |
| *希望上门服务的日期 |
16


■外形尺寸图
 适用机型：GQ-11EA2FEX、GQ-13EA2FEX、GQ-16EA2FEX


17


■备忘录


18


■备忘录


19


",,
中国人寿保险说明书-5336.pdf.json_processed.json,"[[1, 2], [3, 3], [4, 4], [5, 5], [6, 6], [7, 7], [8, 8], [9, 9], [10, 10], [11, 11], [12, 12], [13, 13], [14, 14], [15, 15], [16, 16], [17, 17], [18, 21], [22, 22], [23, 24], [25, 26], [27, 27], [28, 28], [29, 30], [31, 33], [34, 36], [37, 42], [43, 43], [44, 44], [45, 45], [46, 46], [47, 47], [48, 48], [49, 52], [53, 55], [56, 56], [57, 57], [58, 58], [59, 59], [60, 60], [61, 62], [63, 65], [66, 67], [68, 68], [69, 75], [72, 72], [73, 73], [74, 74], [75, 75]]","中国人寿保险股份有限公司 
国寿鑫缘宝终身寿险（万能型）（乐鑫版）
产品说明书


声明：
	本产品说明书旨在帮助投保人了解该产品的主要特点，并演示未来 的保单利益，其所载资料仅供客户参考，具体以该产品条款规定为准。


该产品为万能保险，结算利率超过最低保证利率的部分是不确定的。


国寿鑫缘宝终身寿险（万能型）（乐鑫版）


产品说明----万能保险


万能保险的定义 
	万能保险是指保险公司为每一保单设立个人账户，单独确定个人账户的结算利 率、风险保障费和各项费用支出，定期结算个人账户价值，保险利益直接与个人账 户价值相关的人身保险产品。


万能保险的运作原理 
	万能保险的费用收取高度透明，费用的收取金额及收取时间在合同中载明。


保险费在扣除初始费用后计入个人账户。个人账户按公布的结算利率定期结 算。结算周期一般为一个月。结算利率由保险公司根据万能投资账户当期的实际投 资状况确定，但不得低于预定的最低保证利率。


万能保险通常提供一项或多项保障责任，保险金额一般可以根据投保人需求灵 活调整。


投保人可以通过部分领取或解除合同取得个人账户价值，但一般要收取相应的 费用。


万能保险的投资策略 
	以追求长期稳定的投资收益为目标，关注短期市场机会，在风险可控的前提下，采取稳健灵活的投资策略，力争实现较高的投资回报。投资组合以债券、协议存款等 固定收益类资产为主；在法规允许范围内，适度放大基金、股票等权益类资产配置空 间；谨慎操作、稳步投资新增投资品种。


投保人所承担的风险 
	万能保险的投资收益具有一定的保底，保底以上的投资收益具有不确定性，您需 要承担相应的投资风险。


国寿鑫缘宝终身寿险（万能型）（乐鑫版）	产品说明----保险利益


投保范围 
	凡出生二十八日以上、七十五周岁以下，身体健康者均可作为被保险人，由本 人或对其具有保险利益的人作为投保人向中国人寿保险股份有限公司（以下简称本公 司）投保本保险。


保险期间 
	本合同的保险期间为本合同生效之日起至本合同终止日止。


基本保险金额与保险金额 
	一、基本保险金额 
	本合同的基本保险金额等于本合同一次性交付保险费、转入保险费及追加保险 费之和，并减去投保人累计申请部分领取的金额。


二、保险金额
	（一）自本合同生效之日起至被保险人年满十八周岁的年生效对应日前，本合同 的保险金额是指本合同基本保险金额与个人账户价值两者的较大值。
（二）自被保险人年满十八周岁的年生效对应日起至年满四十一周岁的年生效对 应日前，本合同的保险金额是指本合同基本保险金额的160%与个人账户价值两者的 较大值。
（三）自被保险人年满四十一周岁的年生效对应日起至年满六十一周岁的年生效 对应日前，本合同的保险金额是指本合同基本保险金额的140%与个人账户价值两者 的较大值。
（四）自被保险人年满六十一周岁的年生效对应日起，本合同的保险金额是指本 合同基本保险金额的120%与个人账户价值两者的较大值。


等待期 
	本合同生效（或最后复效）之日起至一百八十日后的下一个结算日零时止为本合 同等待期。


保险责任 
	被保险人于本合同等待期内因疾病身故，本合同终止，本公司按被保险人身故当 时下列两者的较大值给付身故保险金：
	1.本合同的基本保险金额；
	2.个人账户价值。
被保险人因前述以外情形身故，本合同终止，本公司按被保险人身故当时的保险 金额给付身故保险金。


责任免除 
	因下列任何情形之一导致被保险人身故，本公司不承担给付保险金的责任：	一、投保人对被保险人的故意杀害、故意伤害；
	二、被保险人故意犯罪或抗拒依法采取的刑事强制措施；
	三、被保险人在本合同成立或合同效力最后恢复之日起二年内自杀，但被保险 人自杀时为无民事行为能力人的除外；
四、被保险人服用、吸食或注射毒品；
	五、被保险人酒后驾驶、无合法有效驾驶证驾驶或驾驶无有效行驶证的机动 车；
	六、战争、军事冲突、暴乱或武装叛乱；
	七、核爆炸、核辐射或核污染。


无论上述何种情形发生，导致被保险人身故，本合同终止，本公司向投保人退 还被保险人身故当时本合同的现金价值，但投保人对被保险人故意杀害或伤害造成 被保险人身故的，本公司退还被保险人身故当时本合同的现金价值，作为被保险人 遗产处理，但法律另有规定的除外。


宽限期间及合同效力中止 
	在本合同保险期间内，若某一结算日的个人账户价值不足以支付风险保障费，自该结算日的次日起六十日为宽限期间。在宽限期间内发生保险事故，本公司仍承 担保险责任，但有权先从给付的保险金中扣除欠收的风险保障费。


投保人在宽限期内交付保险费的，本公司根据第十一条的规定，将保险费在扣 除初始费用后计入个人账户，并收取欠收的风险保障费，使本合同继续有效。超过 宽限期间仍未交付保险费的，本合同效力自宽限期间届满的次日起中止。
在本合同效力中止期间，本公司不承担保险责任，且个人账户不予结算利息。


借款 
	在本合同保险期间内，如果本合同已经具有现金价值，投保人可以书面形式向 本公司申请借款，但最高借款金额不得超过本合同当时的现金价值扣除借款及借款 利息后余额的百分之八十，且每次借款期限不得超过六个月。
借款及借款利息应在借款期限届满日偿还。未能按期偿还的，则所有借款利息 将被并入原借款金额中，视同重新借款。
当本合同当时的现金价值不足以抵偿借款及借款利息时，本合同效力中止。


合同效力恢复（复效）
	在本合同效力中止之日起二年内,投保人可填写复效申请书，并提供被保险人的 健康声明书或二级以上（含二级）医院出具的体检报告书，申请恢复合同效力。经本 公司与投保人协商并达成协议，自投保人交纳必要的保险费、借款及借款利息的次 日起，本合同效力恢复。
本公司根据第十条和第十一条的规定，将投保人交纳的保险费在扣除初始费用 后计入个人账户，并从个人账户中收取应收的风险保障费和本合同效力中止前欠收 的风险保障费。
自本合同效力中止之日起二年内双方未达成协议的，本公司有权解除本合同，并向投保人退还本合同的现金价值。


部分领取个人账户价值 
	一、在本合同保险期间内，投保人可申请部分领取个人账户价值，但被保险人 已发生保险事故或投保人有保险单借款未还清的，投保人不能申请部分领取个人账 户价值。申请部分领取个人账户价值时，投保人应填写部分领取个人账户价值申请 书，并提交下列证明、资料：
	1．保险单；
	2. 投保人的法定身份证明。
二、投保人申请部分领取个人账户价值的，本公司将在部分领取申请核准后三 十日内给付部分领取金额，但在给付前需扣除部分领取手续费。
部分领取手续费占部分领取个人账户价值的比例为下表中各保单年度对应的数 值：
| 保单年度 | 手续费比例 |
| 第一年 | 5% |
| 第二年 | 4% |
| 第三年 | 3% |
| 第四年 | 2% |
| 第五年 | 1% |
| 第六年及以后 | 0% |
三、投保人部分领取个人账户价值的，每次领取的金额及领取后个人账户价值 不得低于领取当时本公司规定的最低标准。
解除合同 
	投保人于本合同成立后，可以要求解除本合同。投保人要求解除本合同时，应 填写解除合同申请书，并提交保险合同和投保人法定身份证明。


本合同自本公司接到解除合同申请书时终止。投保人于签收保险单后十五日内 要求解除本合同的，本公司在接到解除合同申请书之日起三十日内向投保人退还已 收全部保险费，但投保人已申请部分领取个人账户价值的，本公司需扣除已申请的 部分领取金额。投保人于签收保险单十五日后要求解除本合同，本公司于接到解除 合同申请书之日起三十日内向投保人退还本公司接到解除合同申请书时本合同的现 金价值。对于已收取的本合同终止日之后的风险保障费，本公司将无息一并退还。


现金价值 
	本合同的现金价值等于个人账户价值扣除相应的退保费用后的余额。


退保费用占个人账户价值的比例为下表中各保单年度对应的数值：


| 保单年度 | 退保费用比例 |
| 第一年 | 5% |
| 第二年 | 4% |
| 第三年 | 3% |
| 第四年 | 2% |
| 第五年 | 1% |
| 第六年及以后 | 0% |


国寿鑫缘宝终身寿险（万能型）（乐鑫版）产品说明----保险费、费用收取及保单账户


保险费 
	本合同保险费分为一次性交付保险费、转入保险费和追加保险费。


一、一次性交付保险费 
	由投保人在投保时一次性交付。交费金额由投保人在投保时确定，但必须 符合投保当时本公司的规定。
二、转入保险费 
	指自指定保险合同转入的生存类保险金、红利（仅适用于指定保险合同为分 红型保险）。转入保险费的交纳由投保人与本公司约定，在保险单上载明。
三、追加保险费 
	在本合同保险期间内，投保人可以申请并经本公司审核同意后，向本公司 交付追加保险费。
本公司有权调整交纳追加保险费的规定，投保人申请追加保险费须符合申 请当时本公司的规定。


个人账户价值 
	本公司于本合同生效日为本合同设立个人账户。本合同终止，个人账户同 时终止。在本合同保险期间内，个人账户价值按如下方法计算：
	一、投保人交付的一次性交付保险费、转入保险费和追加保险费减去相应 的初始费用后计入个人账户；如有保单持续奖励也计入个人账户。
二、在每月的结算日，本公司按公布的结算利率采用单利方式对个人账户 结算利息，结算利息计入个人账户。
三、在本合同等待期后每月的结算日，从个人账户中扣除风险保障费。	四、投保人申请部分领取个人账户价值时，从个人账户中扣除申请部分领 取的个人账户价值。


五、本合同在非结算日终止时，本公司按本合同约定的最低保证利率对应 的日利率采用单利方式对个人账户结算利息，结算利息计入个人账户。
	本公司每年向投保人提供一份保单状态报告。


初始费用的收取 
	对于一次性交付保险费、转入保险费和每笔追加保险费，本公司在扣除初 始费用以后，剩余部分计入个人账户。


对于一次性交付保险费，初始费用比例为3%。


对于转入保险费，初始费用比例为1%。


对于每笔追加保险费，初始费用比例为3%。


保单持续奖励 
	一、首次给付的保单持续奖励。若被保险人生存至本合同生效年满五个保 单年度的年生效对应日，本公司于本合同生效年满五个保单年度的年生效对应 日发放首次给付的保单持续奖励并计入个人账户。首次给付的保单持续奖励等 于本合同生效之日起五个保单年度内累计转入保险费（不计利息）的1%。
二、首次给付之后的保单持续奖励。自本合同生效满六个保单年度后的首 个年生效对应日起，若被保险人生存至本合同的年生效对应日，本公司每年在 本合同的年生效对应日发放首次给付之后的保单持续奖励并计入个人账户。首 次给付之后的保单持续奖励等于上一个保单年度内累计转入保险费（不计利息）的1%。


风险保障费的收取 
	风险保障费是本公司对本合同承担的保险责任所收取的费用。本公司按照 如下约定收取风险保障费：
	一、本合同等待期内本公司不收取风险保障费。
二、除上述情形外，在每月的结算日，本公司按当日至下一个结算日的实 际天数收取风险保障费。每天的风险保障费为年风险保障费的三百六十五分之 一。
本合同的风险保障费根据被保险人的年龄、性别、风险保额及其他承保条 件确定，经本公司核保属于标准体的根据保险单载明的《标准体年风险保障费率 表》收取本合同的风险保障费；经本公司核保属于次标准体的根据本公司当时的 规定收取本合同的风险保障费。


最低保证利率与结算利率 
	结算利率：本公司根据投资账户上一个月的实际投资状况，确定自上月结 算日至本月结算日之间的结算利率，并在该结算日起六个工作日内公布。结算 利率为日利率，其对应的年利率不低于最低保证利率。
最低保证利率：在本合同保险期间内，计算个人账户价值利息的最低保证 利率为年利率2.5%,对应的日利率为0.006849%。本合同仅保证年利率不低于 2.5%，对每月的结算利率不作保证。


- 6 -


| 附表：国寿鑫缘宝终身寿险（万能型）（乐鑫版）利益演示表 保单描述：投保人为被保险人投保了国寿鑫缘宝终身寿险（万能型）（乐鑫版），在投保时交纳一次性交付保险费50元，假定约定每年转 入国寿鑫缘宝终身寿险（万能型）（乐鑫版）个人账户的保险费合计为10000元，即下方利益演示表中转入保险费每年为10000元，首年 追加保险费10000元。国寿鑫缘宝终身寿险（万能型）（乐鑫版）其他保单信息如下： |
| 被保险人性别：男 | 被保险人年龄：30 岁 |
| 保险期间：终身 | 部分领取：未申请 |
| 保 
单 
年 
度 | 一 
次 
性 
交 
付 
保 
险 
费 | 转入 保险 费 | 追加 保险 费 | 累计保 险费
（不计 利息） | 初始 费用 | 保 
单 
持 
续 
奖 
励 | 进入个 人账户 的价值 | 假定低等结算利率2.5% (最低保证利率） | 假定中等结算利率4.5% | 假定高等结算利率6% |
| 保 
单 
年 
度 | 一 
次 
性 
交 
付 
保 
险 
费 | 转入 保险 费 | 追加 保险 费 | 累计保 险费
（不计 利息） | 初始 费用 | 保 
单 
持 
续 
奖 
励 | 进入个 人账户 的价值 | 风 
险 
保 
障 
费 | 个人账户 价值
（年末） | 身故保障（年末） | 现金价值（年末） | 风 
险 
保 
障 
费 | 个人账户 价值
（年末） | 身故保障（年末） | 现金价值（年末） | 风 
险 
保 
障 
费 | 个人账户 价值
（年末） | 身故保障（年末） | 现金价值（年末） |
| 1 | 50 | 10000 | 20050 | 401.5 | 0 | 19648.5 | 5 | 20135 | 32080 | 19128 | 5 | 20528 | 32080 | 19502 | 5 | 20823 | 32080 | 19782 |
| 2 | 0 | 10000 | 0 | 30050 | 100 | 0 | 9900 | 15 | 30770 | 48080 | 29540 | 14 | 31782 | 48080 | 30511 | 14 | 32552 | 48080 | 31249 |
| 3 | 0 | 10000 | 0 | 40050 | 100 | 0 | 9900 | 21 | 41666 | 64080 | 40416 | 19 | 43538 | 64080 | 42232 | 18 | 44980 | 64080 | 43630 |
| 4 | 0 | 10000 | 0 | 50050 | 100 | 0 | 9900 | 27 | 52828 | 80080 | 51771 | 25 | 55817 | 80080 | 54701 | 23 | 58149 | 80080 | 56986 |
| 5 | 0 | 10000 | 0 | 60050 | 100 | 0 | 9900 | 34 | 64262 | 96080 | 63619 | 30 | 68644 | 96080 | 67957 | 27 | 72103 | 96080 | 71382 |
| 6 | 0 | 10000 | 0 | 70050 | 100 | 500 | 10400 | 41 | 76487 | 112080 | 76487 | 35 | 82565 | 112080 | 82565 | 30 | 87422 | 112080 | 87422 |
| 7 | 0 | 10000 | 0 | 80050 | 100 | 10000 | 49 | 88600 | 128080 | 88600 | 40 | 96689 | 128080 | 96689 | 34 | 103233 | 128080 | 103233 |
| 8 | 0 | 10000 | 0 | 90050 | 100 | 10000 | 57 | 101007 | 144080 | 101007 | 45 | 111444 | 144080 | 111444 | 36 | 119990 | 144080 | 119990 |
| 9 | 0 | 10000 | 0 | 100050 | 100 | 10000 | 67 | 113714 | 160080 | 113714 | 51 | 126857 | 160080 | 126857 | 37 | 137751 | 160080 | 137751 |
| 10 | 0 | 10000 | 0 | 110050 | 100 | 10000 | 78 | 126728 | 176080 | 126728 | 55 | 142958 | 176080 | 142958 | 37 | 156577 | 176080 | 156577 |
| 20 | 0 | 10000 | 0 | 210050 | 100 | 10000 | 83 | 276212 | 294070 | 276212 | 0 | 350291 | 0 | 420062 |
| 30 | 0 | 10000 | 0 | 310050 | 100 | 10000 | 0 | 468081 | 0 | 672403 | 0 | 891984 |
| 40 | 0 | 10000 | 0 | 410050 | 100 | 10000 | 0 | 714017 | 0 | 1172633 | 0 | 1737124 |
| 50 | 0 | 10000 | 0 | 510050 | 100 | 10000 | 0 | 1028837 | 0 | 1949476 | 0 | 3250641 |
- 7 -
| 60 | 0 | 10000 | 0 | 610050 | 100 | 10000 | 0 | 1431834 | 0 | 3155888 | 0 | 5961119 |
| 70 | 0 | 10000 | 0 | 710050 | 100 | 10000 | 0 | 1947703 | 0 | 5029409 | 0 | 10815173 |
| 75 | 0 | 10000 | 0 | 760050 | 100 | 10000 | 0 | 2257524 | 0 | 6324728 | 0 | 14532895 |
说明：
	1．上述演示基于本公司的假设，不代表本公司的历史经营业绩，也不能理解为对未来的预期。最低保证利率之上的投资收益是不 确定的，实际保单账户利益可能低于中、高档利益演示水平；
	2．上述演示仅供客户参考，各项保险利益需以条款内容为准。
- 8 -


- 7 -


| 60 | 0 | 10000 | 0 | 610050 | 100 | 10000 | 0 | 1431834 | 0 | 3155888 | 0 | 5961119 |
| 70 | 0 | 10000 | 0 | 710050 | 100 | 10000 | 0 | 1947703 | 0 | 5029409 | 0 | 10815173 |
| 75 | 0 | 10000 | 0 | 760050 | 100 | 10000 | 0 | 2257524 | 0 | 6324728 | 0 | 14532895 |


说明：
	1．上述演示基于本公司的假设，不代表本公司的历史经营业绩，也不能理解为对未来的预期。最低保证利率之上的投资收益是不 确定的，实际保单账户利益可能低于中、高档利益演示水平；
	2．上述演示仅供客户参考，各项保险利益需以条款内容为准。


- 8 -


",,
云梦泽APP成品油专区_操作手册.pdf.json_processed.json,"[[1, 1], [2, 2], [3, 3], [4, 4], [5, 5], [6, 6], [7, 7], [8, 8], [9, 9], [10, 10], [11, 11], [12, 12], [13, 13], [14, 14], [15, 15], [16, 16], [17, 17], [18, 18], [19, 19], [20, 20], [21, 21], [22, 22], [23, 23], [24, 24], [25, 25], [26, 26], [27, 27], [28, 28], [29, 29], [30, 30], [31, 31], [32, 32], [33, 33], [34, 34], [35, 35], [36, 36], [37, 37], [38, 38], [39, 39], [40, 40], [41, 41], [42, 42], [43, 43], [44, 44], [45, 45], [46, 46], [47, 47], [48, 48], [49, 49], [50, 50], [51, 51], [52, 52], [53, 53], [54, 54], [55, 55], [56, 56], [57, 57], [58, 58], [59, 59], [60, 60], [61, 61], [62, 62], [63, 63], [64, 64], [65, 65], [66, 66], [67, 67], [68, 68], [69, 69], [70, 70], [71, 71], [72, 72], [73, 73], [74, 74], [75, 75], [76, 76], [77, 77], [78, 78], [79, 79], [80, 80], [81, 81], [82, 82], [83, 83], [84, 84], [85, 85], [86, 86], [87, 87], [88, 88], [89, 89], [90, 90], [91, 91], [92, 92], [93, 93], [94, 94], [95, 95], [96, 96], [97, 97], [98, 98], [99, 99], [100, 100], [101, 101], [102, 102], [103, 103], [104, 104], [105, 105], [106, 106], [107, 107], [108, 108], [109, 109], [110, 110], [111, 111], [112, 112], [113, 113], [114, 114], [115, 115], [116, 116], [117, 117], [118, 118], [119, 119], [120, 120], [121, 121], [122, 122], [123, 123], [124, 124], [125, 125], [126, 126], [127, 127], [128, 128], [129, 129], [130, 130], [131, 131], [132, 132], [133, 133], [134, 134], [135, 135], [136, 136], [137, 137], [138, 138], [139, 139], [140, 140], [141, 141], [142, 142], [143, 143], [144, 144], [145, 145], [146, 146], [147, 147], [148, 148], [149, 149], [150, 150], [151, 151], [152, 152], [153, 153], [154, 154], [155, 155], [156, 156], [157, 157], [158, 158], [159, 159], [160, 160], [161, 161], [162, 162], [163, 163], [164, 164], [165, 165], [166, 166], [167, 167], [168, 168], [169, 169], [170, 170], [171, 171], [172, 172], [173, 173], [174, 174], [175, 175], [176, 176], [177, 177], [178, 178], [179, 179], [180, 180], [181, 181], [182, 182], [183, 183], [184, 184], [185, 185], [186, 186], [187, 187], [188, 188], [189, 189], [190, 190], [191, 191], [192, 192], [193, 193], [194, 194], [195, 195], [196, 196], [197, 197], [198, 198], [199, 199], [200, 200], [201, 201], [202, 202], [203, 203], [204, 204], [205, 205], [206, 206], [207, 207], [208, 208], [209, 209], [210, 210], [211, 211], [212, 212], [213, 213], [214, 214], [215, 215], [216, 216], [217, 217], [218, 218], [219, 219], [220, 220], [221, 221], [222, 222], [223, 223], [224, 224], [225, 225], [226, 226], [227, 227], [228, 228], [229, 229], [230, 230], [231, 231], [232, 232], [233, 233], [234, 234], [235, 235], [236, 236], [237, 237], [238, 238], [239, 239], [240, 240], [241, 241], [242, 242], [243, 243], [244, 244], [245, 245], [246, 246], [247, 247], [248, 248], [249, 249], [250, 250], [251, 251], [252, 252], [253, 253], [254, 254], [255, 255], [256, 256], [257, 257], [258, 258], [259, 259], [260, 260], [261, 261], [262, 262], [263, 263], [264, 264], [265, 265], [266, 266], [267, 267], [268, 268], [269, 269], [270, 270], [271, 271], [272, 272], [273, 273], [274, 274], [275, 275]]","成品油直批APP


全业务流程培训


中国石油


|  | 目   录 |


| 使用环境与地址 |  |
| 1.     使用环境与地址 
2.    APP下载地址 | 1.     客户信息查询（客户、联系人、客户经理列表）2.     订单信息查询 |
| 第一部分：客户注册及认证 | 3.     物流信息查询 
4.     其他信息查询（商品、定价、整体报表等） |
| 1.     APP的注册登录 |  |
| 2.     APP页面功能的基本介绍 |  |
| 3.     企业认证-客户端APP在线认证 
4.     企业认证-中台现场认证、续期及变更 5.     中台销售线索查询与处理 
6.     APP其他功能 | 1.     客存对账-设置结账日期 
2.     客存对账-客存导出 
3.     客存对账-对账单列表 
4.     客存对账-对账单进度 |
|  | 5.     客存对账-数据统计 |
| 1.     APP下单购油(正常下单、营销下单) 2.     中台订单信息完善 
3.     中台财务收款确认 
4.     串换客户下单 | 6.     客存对账-客存签认 
7.  APP预约提油流程（未超期） 8.  APP预约提油流程（超期客存）
9.  中台-待缴费列表 
10. 提油环节控制（物流） |
| 第三部分：预约提油 | 11. “即销即提”模式 |
| 1.     APP预约自提 
2.     物流系统自提计划审核及二维码提油验证 3.     自提提油单签收及评价 | 12. 预约提油“强控制”模式 
13. 客存到期提醒功能 
14. 配送还量功能 |
| 4.     APP预约配送 |  |
| 5.     物流系统配送计划审核及拆分执行 6.     配送提油单签收及评价 | 1.     挂牌商品显示控制 
2.     挂牌销量限制 |


3.     议价销量限制 
	4.     客户最大购油量限制 
	5.     预约提油限制 
2


|  | 目   录 |


|  |
| 1.     中台添加集团客户 
2.     APP添加副联系人 
3.     APP主联系人拆分付油通知单 4.     APP主联系人拆单查询与还量 | 1.     营销活动类型 
2.     维护活动模板 
3.     维护营销活动 
4.     活动列表 |
| 5.     APP副联系人提油与还量 6.     中台查询拆单数据 | 第十二部分：运维功能 |
|   | 1.     发起运维申请 
2.     运维审批 |
| 1.  水路业务进行议价下单 2.  水路预约自提和配送 |  |
| 3.  维护船运提货人 
4.  查询水路提油信息时展示船舶信息 5.  运维功能补录水路的出库单 | 1.  时间控制-订单支付期限控制 2.     时间控制-购油时间 
3.     时间控制-其他配置 |
|  | 4.     时间控制-客存不足提醒 
5.     挂牌价控制 |
| 1.  内容管理 | 6.     油易贷控制 |
| 2.  栏目管理 |  |


|  |
|  |
| 1.  挂牌价管理 
2.  折扣价管理 
3.  议价管理 
4.  合同价管理 
5.  运费管理 | 1.     员工账号创建 
2.     员工账号权限分配 
3.     员工账号权限修改及删除 
4.     营业网点管理 
5.     油库管理 
6.     设置审批流程 |


7.     添加油库


3


|  | 直批APP整体设计理念 |


以客户为中心进行直批业务全流程设计，同时与现有各大统建系统全面集成，保证数据统一 性、实现业务流程闭环。


6


|  |


7


|  | 成品油专区-选择销售公司（店铺） |


在云梦泽APP成品油专区首页左上角，选择需要购油的销售公司，即进入该公司的成 品油店铺页面。


|  |   |


12


|  | 云梦泽APP成品油专区-消息中心 |


在成品油专区点击首页右上角消息按钮   可进入消息中心查看相关通知信息。


|  |   |


13


|  | 成品油专区首页信息浏览和功能菜单 |


| 成品油专区首页信息模块 
首页信息内容包括热门活动模块、油品促销、油品推荐模块等，可点击活动图片或油品促 销按钮进入详情页面查看活动具体内容并直 接参与营销活动下单。点击【油品推荐】的 油品，也可直接进入下单页面。 成品油专区首页功能菜单 •   在首页中间，点击【我要购油】菜单，可进 入在售油品菜单页面，选择要购油品进行下单 购油。 •   点击【预约提油】可进入预约提油页面，针 对已有购油订单，进行预约提油申请操作。 •  点击【物流查询】可进入物流查询页面，针对 	已预约的提油申请，查询提油物流进度。 •  点击【油品促销】可查看当前所有正在开展的 	促销活动信息。 |


14


|  | 企业认证-在线认证 |


客户联系人登录后，可以浏览首页内容， 但无法购油，需完成企业认证后，方可下单购油。


| 申请企业认证步骤 
已注册登录，但尚未企业认证的 用户可在个人中心页右上角点击 【去认证企业】，或进入首页后 点击“我要购油”将触发“去认 证”的引导提示。 |


15


|  | 企业认证-在线认证申请 |


填写企业信息，提交在线认证申请。


| 提交在线认证申请 客户联系人需填写交联系人 姓名、身份证号、企业全称、统 一社会信用代码、企业法人及认 证销售公司，并提交。 |


16


|  | 企业认证-在线认证申请 |


提交认证申请后， 实时获得认证结果。


| CRM信息认证匹配 在线认证申请提交后可能出现三 种结果： 1、匹配通过：客户填写的认证信 息与CRM完全匹配，将提示客户携带 相关资料前往营业室现场认证。 2、匹配不通过：客户填写的认证 信息与CRM不匹配，此时需客户经理 协助客户确认并更正信息后再次认证。 3、新客户：CRM中没有客户信息， 客户是第一次登录系统，此时需指派 一名客户经理与客户联系，收集客户 信息并完善CRM系统，申请MDM编码。 |


17


|  | 企业认证-现场认证 |


在线提交申请并且数据匹配成功后，联系人需携带相关资料到任意营业网点进行现场认证，


认证通过后客户即可在云梦泽APP成品油专区开始购油。同时客户在APP收到认证成功的信息。


客户经理也会同步 收到短信。


营业执照


资料准备             营业网点高拍仪拍照提交                中台认证


19


|  | 中台-客户认证管理 |


【用户管理>客户认证管理】可查看所有客户的认证申请信息，是客户通过云梦泽 APP成品油专区在 线认证通过后办理现场认证，以及客户联系人在认证有效期内进行 有效期续期、变更 联系人等管理维护的操作界面。


客户APP在线申请认证通过现场认证信息


|  |


20


|  | 一个联系人可进行多个企业认证 |


一个联系人如有代理多家客户购油或在不同的销售公司购油时，可申请多个企业认证身份。


示例：


| 某联系人小王， | 客户A | 销售公司1 |


代理客户A在销售公司1购油，


| 代理客户B在销售公司1购油、 | （即 | 联系人 | 客户B | 销售公司1 |
| 代理客户B在销售公司2购油， | （即 | 联系人 | 客户B | 销售公司1 |
| 代理客户C在销售公司3购油， | （即 | 一个APP账号） | 客户B | 销售公司2 |


则该联系人须使用其APP账号，分别进行


| 四次企业认证，获得四个认证身份。 | 客户C | 销售公司3 |


32


|  | 企业认证- 购油身份切换 |


一个联系人有多个企业认证身份时，在每次查询信息或下单操作前，需进行身份切 换，可通过搜索客户名称或销售分公司名称快速切换到相应身份。


| 身份切换说明 •  处于不同的身份状态时，在云梦泽APP成 品油专区将查询    到不同的油品内容、订单、提油单信息    。并可以不同的客 户身份在不同的中石    油销售公司进行 购油操作。 •  在APP个人信息右上角点击切换按钮， 后选中身份信息、可进行身份切换。 |


33


|  | APP个人中心-我的公司 |


从【云梦泽APP>成品油专区>我的>我的公司】可查看用户当前身份所认证的公司基本信息。


| 我的公司 •  可查询当前身份所认证的公司 	相关信息。 •  也可点击【申请新增销售公司 】认证新的中石油销售公司， 客户公司信息不可修改，只需 选择新的销售公司即可。 |


35


|  | 成品油专区个人中心-我的车辆 |


在【成品油专区>我的>我的车辆】中可将常用的车辆信息预先输入配置，在线预约提油时可以 通过搜索车牌号快速选择相关车辆，无需每次手工输入车辆信息，也可左滑删除不用的车辆信息。


| 我的车辆操作说明 •点击【添加车辆】，可填写并保存新的 车辆信息。 •点击指定的车辆信息，打开车辆信息编 辑界面，修改后点击【完成】进行保存。 •点击车辆信息左侧的勾选按钮，可设置 该车辆为默认车辆，在线预约提油时会自 动选中该默认选中车辆信息，使操作流程 更快捷。 |


36


|  | 成品油专区个人中心-我的司机 |


在【成品油专区>我的>我的司机】中可将常用的司机信息预先输入配置，在线预约提油 时可以通过搜索司机姓名快速选择相关司机，无需每次手工输入司机信息，也可左滑删除 不用的司机信息。


| 我的司机操作说明 •点击【添加司机】，可填写并保存新的 司机信息 •点击指定的司机信息，打开司机信息编 辑界面，修改后点击【完成】进行保存。 •点击司机信息左侧的勾选按钮，可设置 该司机为默认车辆，在线预约提油时会自 动选中该默认选中司机信息，使操作流程 更快捷。 |


37


|  | 投诉建议 |


对于中国石油成品油直批业务中有任何的意见建议或投诉，都可以在线进


行反馈， 后续将有专人处理跟进。


| 投诉建议反馈步骤 
第一步：进入成品油专区主菜单【我 的】。 第二步：点击【在线服务】。 第三步:选择问题类型，可多选。 第四步：输入具体问题描述。 第五步：点击【提交】即反馈成功。 |


38


|  | 投诉建议调查 |


【服务管理>投诉建议调查】可查询客户在成品油专区中提交的投诉或建议，相关业务人员 应及时 关注并跟进处理客户问题。


APP意见反馈                                            中台投诉建议查询


39


|  |


41


|  | 购油下单-下单途径 |


客户在云梦泽APP成品油专区点击【我要购油】 、 【油品推荐】或【营销活动】三个途径 可进入购油下单。


|  |


42


|  | 购油下单-下单步骤 |


| 用户选择油品，输入下单信息，提交购油下单。 | 43 |   |


|  | 购油下单-价格说明 |


客户下单价格由当前油品挂牌价、客户会员等级折扣、当前开展的营销活动及其他客户特殊价


格等因素决定。


|              |   |


44


|  | 购油下单-订单提交 |


购油下单提交后， 将校验ERP账户余额，如账户余额满足，将生成有效订单。


| 订单提交成功 |  | 系统短信通知客户经理 |   |
| 订单提交成功 |  | 进行订单信息完善 |   |


45


|  | 中台待处理订单-信息完善 |


【订单管理> 待处理订单】客户在云梦泽APP成品油专区下单成功后， 需业务人员进行 订单完善后推送至 ERP系统。


| 客户APP提交下单成功 | 【中台>待处理订单】 | 客户收到订单可开始预 |
| 客户APP提交下单成功 | 【中台>待处理订单】 | 约申请短信通知 |
| 客户APP提交下单成功 | 完善订单信息 | 约申请短信通知 |


46


|  | 购油下单-余额不足 |


购油下单提交后， 校验ERP账户余额不足时，将生成待支付订单,也可在中台-控制管理开启自


| 动支付开关,客户提交订单时选择“账户余额自动支付 ”，当校验到账户余额充足时，订单自动变 成待审核状态，无需客户手动点击“去支付 ”。 |


| 余额不足 
提交订单后，系统余额校验发现余额 不足时订单将流转为待支付订单。 |


47


|  | 待支付订单上传转账凭证 |


客户在订单有效期内完成银行转账或付款后，可在转账凭证拍照上传至APP，系统将通知财


务在中台确认收款信息， 以加快资金入账时效。


准备转账凭证                         APP拍照上传凭证                                   财务人员做账


48


|  | 待支付订单重新支付 |


财务人员做完入账凭证，ERP更新客户余额后，客户联系人可在云梦泽APP成品油专区待支付订单点 击“去支付”即可完成订单提交。


客户在成品油专区待支付订单点击“去支付”


|  |


49


|  | 订单取消 |


客户可在云梦泽APP成品油专区针对“待支付”状态的订单进行一键自助取消。


| 订单取消 订单提交成功前，客户可在云梦泽APP 成品油专区自助将订单取消，取消后，订单将直接变为作废状态，客户可重新 下单。 |


50


|  |


53


|  | 预约提油-未预约量 |


客户在预约提油页面，可查看每个油品每个油库的剩余可预约量,也可按照提油油库、 付油通知单、油品名称查找需要提油的单据。


|   |


54


|  |


55


|  | 预约提油-自提预约申请 |


生成有效订单并收到erp传过来的付油通知单后，客户可在云梦泽APP成品油专区申请预约提油，客户预 约提油量


不可超过其订单剩余可预约量。


| 预约自提操作步骤如下： 第一步：点击【首页>预约提油】，页面 会列出客户当前所有的订单信息。 第二步: 点击需要提油的订单。 第三步：输入本次提油量、自提车辆、自 提司机、预约提油日期、预约时间段。 第四步：点击【提交】按钮，预约提油申 请成功提交。 |


56


|  | 自提：二维码提油 |


•    自预约提油申请审核通过后， 即可通过云梦泽APP成品油专区生成提油二维码。如超过预


约提油日期，提油 二维码将失效。


•    点击【重新生成二维码】 ，旧二维码立即失效，仅可使用新的二维码进行提油验证。


| 二维码提油流程说明 
第一步：在提油单审核通过后，点击【首 页>物流查询】
第二步: 点击需要提油的提油申请单。第三步：点击右上角【提油二维码】按钮 第四步：在油库提油时向工作人员出示二 维码及司机身份证进行验证 
第五步：二维码验证通过且完成油库提油 其他资质验证要求即可进行提油。 |


58


|  | 二维码提油 |


客户前往油库提油时，司机需出示云梦泽APP成品油专区提油通知上的二维码及预约提油时 指定的司机本人身 份证在油库进行验证，验证通过后方可提油。


|   |  |   |
| 身份证至油库提油 |  |   |


59


|  | 自提提油单签收及评价 |


客户在收到油品后，可在云梦泽APP成品油专区提油单上进行签收和评价。


| 签收评价流程说明 第一步：点击【首页>物流查询】 第二步: 找到已出库状态的自提提 油单，点击进去。 第三步：点击确认签收按钮。 第四步：提示签收成功，并弹出评 价页面。 第五步：针对成品油专区预约提油体 验和油库提油体验进行评分，点击提 交。 第六步：提油单状态变成已完成。 |


",,
产品说明书（合成树脂）.docx.json_processed.json,"[[1, 1], [2, 2], [3, 3], [4, 4], [5, 5], [6, 6], [7, 7]]","| 聚丙烯树脂（PP） |
| 类别 | 性质 | 产品牌号 | 熔体流动速率 | 等规指数
% | 拉伸屈服应力 | 弯曲模量 | 简支梁冲击强度 | 悬臂梁冲击强度 | 典型用途 | 生产企业 |
| 单位 |  | g/10min | （m/m) | （MPa） | KJ/m2 |  |
| 拉丝料 | 均聚 | T30S | 2.4-3.3 | 97.2-97.8 | 30.0-33.0 | _ | 3.0 | _ | 挤出扁丝，及片材。可用于编织袋、捆扎绳，也常用于小型注塑件、以及片材类产品 | 大庆石化
大庆炼化
兰州石化
抚顺石化
独山子石化
宁夏石化
呼和浩特石化
华北石化 |
| 拉丝料 | 均聚 | S1003 | 3.1 | 98.6 | 36.0 | 1450 |  | 43.5(J/M) | 挤出扁丝，及片材。可用于编织袋、捆扎绳，也常用于小型注塑件、以及片材类产品 | 独山子石化 |
| 拉丝料 | 均聚 | 1102K | 3.3 | 98.8 | 33.0 | 1380 | 3.5 |  | 挤出扁丝，及片材。可用于编织袋、捆扎绳，也常用于小型注塑件、以及片材类产品 | 锦西石化 |
| 拉丝料 | 均聚 | L5E89 | 3.0 | 98.0 | 31.0 | _ | 3.2 |  | 挤出扁丝，及片材。可用于编织袋、捆扎绳，也常用于小型注塑件、以及片材类产品 | 四川石化或
抚顺石化 |
| 拉丝料 | 均聚 | HP55J | 2.9 | 96.4 | 32.6 | 1220 | 3.4 |  | 挤出扁丝，及片材。可用于编织袋、捆扎绳，也常用于小型注塑件、以及片材类产品 | 大庆炼化 |
| 薄膜料 | BOPP
（均聚） | T28FE | 2.8-2.9 | 96.5-97.0 | 31.8 | 1140-1200 | 4.3 |  | 高速BOPP薄膜专用料，广泛的应用于各类包装、食品包装或作为多层复合膜基材 | 兰州石化 |
| 薄膜料 | BOPP
（均聚） | L5D98 | 2.9-3.0 | 96.1-96.5 | 28.5-30.0 |  | 高速BOPP薄膜专用料，除了适用于各类包装膜以外，也常用于书籍覆膜的生产。 | 抚顺石化 |
| 薄膜料 | BOPP
（均聚） | T38F | 2.9 | 96.5-96.7 | 31.0-31.8 | 1100-1120 | 3.0-4.2 |  | BOPP薄膜专用料，广泛的应用于各类包装、食品包装或作为多层复合膜基材 | 兰州石化或
大庆石化 |
| 薄膜料 | BOPP
（均聚） | T36F | 3.1 | 97.2 | 32.4 |  | BOPP薄膜专用料，广泛的应用于各类包装、食品包装或作为多层复合膜基材 | 大连石化或
抚顺石化 |
| 薄膜料 | BOPP
（均聚） | HB28F | 3.1 | 96.0-96.5 | 33.0 | 1400 | 3.1 |  | BOPP薄膜专用料，广泛的应用于各类包装、食品包装或作为多层复合膜基材 | 华北石化 |
| 薄膜料 | BOPP
（共聚） | T1005 | 5.5 |  | 20 | 650 | 6.5-7.0 |  | 三元共聚BOPP热封层专用料，良好的热封温度和强度，可用于BOPP热封层，也可用于POF热封层的生产 | 独山子石化 |
| 薄膜料 | CPP
（均聚） | HT07FC | 8.3 | 97.8 | 33.0 | 1250 |  | 均聚CPP专用料，良好的加工性能和光学性能，适用于各类流延包装膜的芯层的生产。含开口爽滑剂。 | 呼和浩特石化 |
| 薄膜料 | CPP
（均聚） | CP35F | 8.0 | 97.5 | 32.0 | 1220 |  | 均聚CPP专用料，良好的加工性能和光学性能，适用于各类流延包装膜的芯层的生产。含开口爽滑剂。 | 大庆石化 |
| 薄膜料 | CPP
（共聚） | W0723F | 7.5 |  | 24.0 | 850 |  | 40(J/M) | 二元共聚CPP，含开口爽滑剂，适用于流延复合膜的电晕层生产，广泛的应用于各类食品包装或产品包装 | 独山子石化 |
| 薄膜料 | CPP
（共聚） | W725EF | 7.5 |  | 24.0 | 850 |  | 40(J/M) | 二元共聚CPP，不含爽滑剂，适用于蒸煮膜或镀铝膜的生产 | 独山子石化 |
| 薄膜料 | CPP
（共聚） | RP210M | 8.0 |  | 25.0 | 850 |  | 二元共聚CPP，含开口爽滑剂，适用于各类流延包装膜的生产 | 大庆炼化 |
| 薄膜料 | CPP
（共聚） | T1007 | 7.0 |  | 21.0 | 600 | 5.5 |  | 三元共聚CPP热封层专用料，高清晰度，高光泽，低热封温度，广泛的应用于各类流延复合包装膜的热封层。含开口爽滑剂 | 独山子石化 |
| 薄膜料 | CPP
（共聚） | EPB08F | 7.0 |  | 20.0 | 510 | 9.0 |  | 三元共聚CPP热封层专用料，高清晰度，高光泽，低热封温度，广泛的应用于各类流延复合包装膜的热封层。含开口爽滑剂 | 兰州石化 |
| 薄膜料 | CPP
（共聚） | T1007D | 7.0 |  | 21.0 | 600 | 5.5 |  | 三元共聚镀铝CPP热封层专用料，高清晰度，高光泽，低热封温度，广泛的应用于各类流延镀铝包装膜的热封层。不含爽滑剂 | 独山子石化 |
| 薄膜料 | CPP
（共聚） | EPB08FA | 7.3 |  | 20.0 | 510 | 9.0 |  | 三元共聚镀铝CPP热封层专用料，高清晰度，高光泽，低热封温度，广泛的应用于各类流延镀铝包装膜的热封层。不含爽滑剂 | 兰州石化 |
| 纤维料 | 均聚 | S2040 | 40 | 97.0 | 34.5 | 1300 |  | 18.7(J/M) | 高熔指PP纤维料，良好的流动性，优异的纺丝性能，低气味，适用于纺粘法无纺布，也可用于细旦短纤。广泛的应用于医疗卫生材料 | 独山子石化 |
| 纤维料 | 均聚 | NX40S | 43 | 97.1 | 31.0 | 1150 |  | 高熔指PP纤维料，良好的流动性，优异的纺丝性能，低气味，适用于纺粘法无纺布，也可用于细旦短纤。广泛的应用于医疗卫生材料 | 宁夏石化 |
| 纤维料 | 均聚 | H39S-2 | 45 | 97.0 | 30 | 1140 |  | 高熔指PP纤维料，良好的流动性，优异的纺丝性能，低气味，适用于纺粘法无纺布，也可用于细旦短纤。广泛的应用于医疗卫生材料 | 大连石化 |
| 纤维料 | 均聚 | HP565S | 39 | 96.7 | 32.0 | 1250 | 2.1 |  | 高熔指PP纤维料，良好的流动性，优异的纺丝性能，低气味，适用于纺粘法无纺布，也可用于细旦短纤。广泛的应用于医疗卫生材料 | 大庆炼化 |
| 纤维料 | 均聚 | HT40S | 42 | 97.2 | 32.0 | 1150 |  | 高熔指PP纤维料，良好的流动性，优异的纺丝性能，低气味，适用于纺粘法无纺布，也可用于细旦短纤。广泛的应用于医疗卫生材料 | 呼和浩特石化 |
| 纤维料 | 均聚 | Z30S | 25 | 97.1 | 31.5 | 1100 |  | 适用于低旦BCF和短纤及纺粘法无纺布的生产，用于地毯、以及纺粘无纺布包装袋等产品。 | 抚顺石化或
兰州石化或
大庆炼化 |
| 纤维料 | 均聚 | S900 | 35 | 97.0 | 35.0 |  | 适用于低旦BCF和短纤及纺粘法无纺布的生产，用于地毯、以及纺粘无纺布包装袋等产品。 | 兰州石化 |
| 纤维料 | 均聚 | Z69-1 | 25 | 96.5 | 32.5 | 1200 |  | 适用于低旦BCF和短纤及纺粘法无纺布的生产，用于地毯、以及纺粘无纺布包装袋等产品。 | 大连石化 |
| 管材料 | 抗冲共聚 | ZK0640P | 0.35 |  | 25.1 | 970 |  | 510(J/M) | PP冷水管材料，具有优异的加工性能和低温抗冲击性能，适用于冷水管材及家用给排水管道 | 独山子石化 |
| 管材料 | 抗冲共聚 | PPB4228 | 0.35 |  | 26.0 | 1050 | 8.0
(-20℃) |  | PP冷水管材料，具有优异的加工性能和低温抗冲击性能，适用于冷水管材及家用给排水管道 | 大庆炼化 |
| 管材料 | 无规共聚 | PA14D | 0.25 |  | 23.0 | 650 | 52 |  | PP热水管材料，具有优异的加工性能，及抗高温蠕变和抗低温冲击性能，广泛的应用于家装热水管道系统、工程给排水系统等 | 大庆炼化 |
| 管材料 | 无规共聚 | PA14D-2 | 0.28 |  | 24.0 | 780 | 40 |  | PP热水管材料，具有优异的加工性能，及抗高温蠕变和抗低温冲击性能，广泛的应用于家装热水管道系统、工程给排水系统等 | 大庆炼化 |
| 管材料 | 无规共聚 | T4401 | 0.25 |  | 23.0 | 660 | 43 |  | PP热水管材料，具有优异的加工性能，及抗高温蠕变和抗低温冲击性能，广泛的应用于家装热水管道系统、工程给排水系统等 | 独山子石化 |
| 注塑料 | 均聚 | V30G | 18.0 | 97.0 | 31.0 | 1200 | 2.1 |  | 薄壁制品、家用器皿、玩具、盖子和罩子 | 大庆炼化或
兰州石化或
抚顺石化 |
| 注塑料 | 均聚 | HP500P | 17.0 | 96.5 | 31.5 | 1220 | 2.9 |  | 与V30G性能接近,具有良好的流动性，适用于家庭器皿，盖子和罩子，玩具等 | 大庆炼化 |
| 注塑料 | 均聚 | HP500N | 12.0 | 96.5 | 31.0 | 1150 | 3.1 |  | 与X30G性能接近,主要用于家用器皿、玩具、工业用零件、盖子和罩子等产品的生产. | 大庆炼化 |
| 注塑料 | 均聚 | H9018 | 55.0 | 97.0 | 39.5 | 1880 |  | 2.4 | 薄壁注塑料，具有优异的流动性、高刚性以及透明性，适用于生产一次性餐盒等家用器皿。 | 兰州石化 |
| 注塑料 | 均聚 | HPP1850 | 55.0 | 96.5 | 37.0 | 1800 | 1.3 |  | 薄壁注塑料，具有优异的流动性、高刚性以及透明性，适用于生产一次性餐盒等家用器皿。 | 抚顺石化 |
| 注塑料 | 抗冲共聚 | EPS30R | 1.6 |  | 25.0 | 980 | 5.1 |  | 有较好的抗冲击强度，用于重（载荷）包装、周转箱、油漆桶等。 | 独山子石化或
兰州石化或
大庆炼化 |
| 注塑料 | 抗冲共聚 | K8003 | 2.6 |  | 24.0 | 1200 |  | 650(J/M) | 具有良好的抗冲击性能和刚性平衡，适用于重载部件、汽车部件、挤出制品、蓄电池外壳等制品 | 独山子石化 |
| 注塑料 | 抗冲共聚 | CI36D | 2.4 |  | 23.0 | 1050 | 4.3 |  | 具有良好的抗冲击性能和刚性平衡，适用于重载部件、汽车部件、挤出制品、蓄电池外壳等制品 | 四川石化 |
| 注塑料 | 抗冲共聚 | SP179 | 10.0 |  | 21.0 | 980 | 48 |  | 特殊的聚合物弹性体，具有极好的抗低温冲击性能，中等硬度，适用于重载部件、汽车注塑部件、汽车保险杠等 | 兰州石化或
大庆炼化 |
| 注塑料 | 抗冲共聚 | EP533N | 29.0 |  | 21.0 | 1000 | 9.5 |  | 具有良好的流动性能，同时兼具良好的刚性和韧性，主要用于汽车部件改性用基础料 | 兰州石化 |
| 注塑料 | 抗冲共聚 | EP531N | 24.0 |  | 19.0 | 850 | 48 |  | 具有良好的冲击性能和流动性，适用于汽车改性料、重载部件等制品 | 兰州石化 |
| 注塑料 | 抗冲共聚 | EP28HA | 29.0 |  | 22.0 | 900 | 10.0 |  | 具有良好的冲击性能和流动性，适用于小家电、玩具、家用器皿等制品 | 兰州石化 |
| 注塑料 | 抗冲共聚 | K9928H | 27.0 |  | 23.0 | 1320 |  | 136(J/M) | 洗衣机内筒专用料。具有良好的加工流动性和抗冲击性能，适用于家电部件如洗衣机内筒、波轮等。 | 独山子石化 |
| 注塑料 | 无规共聚 | K4826 | 24.0 |  | 30.0 | 1220 |  | 35.5(J/M) | 透明PP,具有良好的透明度，光泽度和耐热性能。已通过国家医疗包装材料认证，适用于输液瓶，也可用于家用储存容器，微波炉容器等 | 独山子石化 |
| 注塑料 | 无规共聚 | K4912 | 12.5 |  | 29.5 | 950 |  | 39(J/M) | 透明PP,具有良好的透明度，光泽度。已通过国家医疗包装材料认证，适用于生产注射器，医用塑料瓶，家用容器等 | 独山子石化 |
| 注塑料 | 无规共聚 | RP260 | 11.0 |  | 30.0 | 1000 | 4.5 |  | 透明PP,具有良好的透明度，光泽度。已通过国家医疗包装材料认证，适用于生产注射器，医用塑料瓶，家用容器等 | 兰州石化 |
| 注塑料 | 无规共聚 | RP340R | 22.0 |  | 27.5 | 980 | 5.3 |  | 透明PP,具有良好的透明度，光泽度和耐热性能。已通过国家医疗包装材料认证，适用于输液瓶，也可用于家用储存容器，微波炉容器等 | 兰州石化 |
| 注塑料 | 无规共聚 | RP342N | 12.0 |  | 29.5 | 1050 | 4.3 |  | 透明PP,具有良好的透明度，光泽度。已通过国家医疗包装材料认证，适用于生产注射器，医用塑料瓶，家用容器等 | 兰州石化 |


| 高密度聚乙烯树脂（HDPE） |
| 类别 | 产品牌号 | 熔体流动速率 | 密度 | 拉伸屈服应力 | 拉伸断裂标称应变 | 典型用途 | 生产企业 |
| 单位 |  | g/10min | （g/cm3) | （MPa） | % |  |
| 拉丝料 | 5000S | 0.9-1.1 | 0.952 | 23-24 | 390-580 | 具有良好的加工性能，适用于单丝、绳索、渔网、小中空容器和撕裂膜等 | 大庆石化或
兰州石化 |
| 拉丝料 | FHF7750M | 1 | 0.953 | 27 | 800 | 具有良好的加工性能，适用于单丝、绳索、渔网、小中空容器和撕裂膜等 | 抚顺石化 |
| 大中空料 | DMDA-6143 | 15（21.6kg） | 0.952 | 28 | 32 | 宽分子量分布，具有良好的加工性能，用于生产中型中空容器，50-150L升容器 | 大庆石化 |
| 大中空料 | DMDB4506 | 6.6 | 0.947 | 23.8 | 825 | IBC桶专用树脂，己烯-1共聚，宽分子量分布，拥有优异的力学性能和加工性能，以及完美的刚性和韧性的平衡。具有良好的低熔垂性能，可用于吹塑生产IBC桶、农业用储罐等200L以上的大型中空容器。 | 大庆石化 |
| 大中空料 | DMDA6045 | 6.6 | 0.947 | 23.8 | 825 | HDPE汽车油箱专用料，铬系催化剂体系产品，采用Univation公司Unipol气相法技术工艺生产，己烯-1为共聚单体，宽分子量分布，拥有优异的力学性能和加工性能，以及完美的刚性和韧性的平衡。适用于吹塑生产形状复杂的中空容器，如汽车油箱等产品。 | 大庆石化 |
| 大中空料 | HD5420GA | 0.8（21.6kg） | 0.948 | 25.6 | 765 | 具有优良的刚性，抗蠕变性和韧性，适用于吹塑大型中空容器，如生产220L以上的容器。 | 独山子石化 |
| 大中空料 | DMDA6150 | 5（21.6kg） | 0.953 | 23.3 | 1100 | HDPE大型中空容器专用料，己烯-1为共聚单体，宽分子量分布，拥有优异的力学性能和加工性能，以及完美的刚性和韧性的平衡。特别是具有优异的低熔垂性能，适用于吹塑生产200L以上的中空容器及中空吹塑托盘等产品。 | 大庆石化 |
| 大中空料 | DMDA6152 | 10（21.6kg） | 0.952 | 22.3 | 888 | 拥有优异的力学性能和加工性能，以及完美的刚性和韧性的平衡。可用于吹塑生产200L左右的中空容器（顶部封闭） | 大庆石化 |
| 小中空料 | 5300B | 0.38 | 0.96 | 24 | 520 | 乙烯与丁烯-1共聚中空制品专用料，适于制作25L以下的小型中空容器制品。 | 大庆石化 |
| 小中空料 | DMDB6200 | 32（21.6kg） | 0.954 | 25 | 350 | 小型中空容器，好的ESCR，生产化学品瓶、油品瓶 | 大庆石化 |
| 小中空料 | DMDA6400 | 57（21.6kg） | 0.96 | 30 | 670 | 中小型中空容器，4L水桶专用料，已在农夫山泉得到批量使用。 | 大庆石化 |
| 小中空料 | HD5502XA | 0.25 | 0.954 | 26.8 | 1216 | 吹塑料，30L以下的瓶及容器，可以用于化学品、液体的包装 | 独山子石化 |
| 管材料 | UHXP-4808 | 5.6 | 0.9489 | 24.2 | 723 | PE100级HDPE管材专用料，Unipol气相法技术工艺生产，采用Univation的双组分双峰催化剂体系、己烯共聚，品拥有优异的力学性能和加工性能，以及良好的抗快速及慢速开裂性能，产品性能完全满足PE100等级的输水管线和燃气管线的生产和使用要求，特别是该产品具有超低熔垂性能，适合大口径PE100管材的生产 | 独山子石化 |
| 管材料 | UHXP-4806 | 6（21.6kg） | 0.951 | 22.1 | 997 | PE100级HDPE管材专用料，Unipol气相法技术工艺生产，采用Univation的双组分双峰催化剂体系、己烯共聚，品拥有优异的力学性能和加工性能，以及良好的抗快速及慢速开裂性能，产品性能完全满足PE100等级的输水管线和燃气管线的生产和使用要求，特别是该产品具有超低熔垂性能，适合大口径PE101管材的生产 | 大庆石化 |
| 管材料 | JHMGC100S | 0.22（5kg） | 0.95 | 22.8 | 717 | PE100级HDPE管材专用料，赫斯特淤浆法技术工艺生产，双峰分布、丁烯共聚，拥有优异的力学性能和加工性能，以及良好的抗熔垂性能，产品性能完全满足PE100等级的输水管线和燃气管线的生产和使用要求。 | 吉林石化 |
| 管材料 | JHMGC100SLS | 0.20（5kg） | 0.949 | 22 | 741 | PE100级HDPE管材专用料，赫斯特淤浆法技术工艺生产，双峰分布、丁烯共聚，拥有优异的力学性能和加工性能，以及良好的抗熔垂性能，产品性能完全满足PE101等级的输水管线和燃气管线的生产和使用要求。 | 吉林石化 |
| 管材料 | FHMCRP100N | 0.21（5kg） | 0.949 | 22 | 744 | PE100级HDPE管材专用料，赫斯特淤浆法技术工艺生产，双峰分布、丁烯共聚，拥有优异的力学性能和加工性能，以及良好的抗熔垂性能，产品性能完全满足PE102等级的输水管线和燃气管线的生产和使用要求。 | 抚顺石化 |
| 管材料 | HMCRP100N | 0.214（5kg） | 0.949 | 22.7 | 600 | PE100级HDPE管材专用料，赫斯特淤浆法技术工艺生产，双峰分布、丁烯共聚，拥有优异的力学性能和加工性能，以及良好的抗熔垂性能，产品性能完全满足PE103等级的输水管线和燃气管线的生产和使用要求。 | 四川石化 |
| 管材料 | TUB121N3000 | 0.28（5kg） | 0.950 | 22.9 | 815 | PE100级HDPE管材专用料，INEOS公司双环管淤浆法技术工艺生产，双峰分布、丁烯共聚，拥有优异的力学性能和加工性能，以及良好的抗熔垂性能，产品性能完全满足PE100等级的输水管线和燃气管线的生产和使用要求 | 独山子石化 |
| 管材料 | TUB121N3000B | 0.29（5kg） | 0.959 | 22.7 | 649 | TUB121N300的混配料牌号，已获得EXOVA实验室的PE100认证，同时获得PE100+协会认可。各项性能指标完全满足燃气管材的各项指标要求，并已进入昆仑燃气公司燃气管材原料推荐名单。 | 独山子石化 |
| 管材料 | JHMGC100IM | 0.29（5kg） | 0.949 | 23 | 650 | PE100级管件料，具有良好的流动性，和尺寸稳定性，同时保持PE100级管材料优异的力学性能，适用于PE100级管材配套管件。 | 吉林石化 |
| 管材料 | TUB121N3000M | 0.35（5kg） | 0.951 | 23.0 | 760 | PE100级管件料，具有良好的流动性，光洁度和尺寸稳定性，同时保持PE100级管材料优异的力学性能，适用于PE100级管材配套管件。已通过PE100级认证 | 独山子石化 |
| 管材料 | TUB121N3001MB | 0.35（5kg） | 0.951 | 23.0 | 760 | PE100级管件混配料，具有良好的流动性，光洁度和尺寸稳定性，同时保持PE100级管材料优异的力学性能，适用于PE100级管材配套管件。已通过PE100级认证 | 独山子石化 |
| 管材料 | DGDB-2480 | 11（21.6kg） | 0.946 | 21.5 | 390 | PE80级管材料，用于大口径管材，供水及下水道管材，化学品管线等 | 大庆石化或
兰州石化 |
| 管材料 | DGDZ-2400 | 12 | 0.942 | 20.4 | 915 | PE80级管材料，用于水管，煤气管等耐压管材。 | 独山子石化 |
| 管材料 | DQDN3711 | 0.7 | 0.938 | 17.1 | 670 | PERTⅠ型管材料，具有优异的加工性能与耐热蠕变性能，以及优异的耐环境应力开裂性能，适用于地暖管的生产。已通过国家8760小时试验认证 | 大庆石化 |
| 管材料 | DP800 | 0.67 | 0.938 | 14.6 | 351 | PERTⅠ型管材料，Dupont公司溶液法技术工艺生产，采用辛烯-1为共聚单体，宽分子量分布。拥有优异的加工性能与耐热性能，以及优异的耐环境应力开裂性能，适用于地暖管的生产。已通过国家8760小时试验认证 | 抚顺石化 |
| 管材料 | L5050 | 0.5 | 0.947 | 20.7 | 624 | PERT-Ⅱ型管材料，具有良好的加工性能和热性能以及刚性，适用于热力输送管道、家装热水管道系统 | 兰州石化 |
| 管材料 | HD4801EX | 10（21.6kg） | 0.948 | 25.6 | 765 | PE63级管材料用于生产工业管材、水管线 | 独山子石化 |
| 注塑料 | DMDA8008 | 7.1 | 0.955 | 29.9 | 922 | 具有较高的抗冲击强度与良好的加工性能，用于周转箱、筐、托盘等 | 独山子石化或
大庆石化或
兰州石化 |
| 注塑料 | 2200J | 4.7 | 0.964 | 24.3 | 294 | 制作工业包装箱、水果采集箱、鱼筐、文件箱和浴盆等 | 大庆石化 |
| 注塑料 | JHC7260 | 7.44 | 0.956 | 25.8 | 745 | 具有较高的抗冲击强度与良好的加工性能，用于周转箱、筐、托盘等 | 吉林石化 |
| 注塑料 | HC7260 | 7.08 | 0.957 | 24.4 | 420 |  | 抚顺石化 |
| 注塑料 | DMDA8920 | 19.4 | 0.96 | 29.8 | 95 | 具有良好的流动性，适用于生产薄壁注塑制品、家用器皿等 | 独山子石化 |
| 注塑料 | 2911/FS | 19.5 | 0.96 | 21.8 | 116 | 具有良好的流动性能，适用于生产薄壁注塑制品、家用器皿等。也可用于纺丝。 | 抚顺石化 |
| 薄膜料 | DGDB6097 | 10（21.6kg） | 0.948 | 22.5 | 561 | 己烯-1共聚产品，宽分子量分布，具有良好物理机械性能和加工性能，适用于生产各种包装膜、购物袋和手提袋等 | 大庆石化或
兰州石化 |
| 薄膜料 | DQTG3912 | 12（21.6） | 0.936 | 16.5 |  | 土工膜专用料，己烯-1共聚产品，宽分子量分布，具有良好物理机械性能和加工性能，适用于宽幅土工膜的生产。 | 大庆石化 |
| 薄膜料 | DGDX6095 | 10.3 | 0.952 | 27.4 | 784 | 丁烯-1共聚产品，宽分子量分布，具有良好物理机械性能和加工性能，适用于生产各种包装膜、购物袋和手提袋等 | 独山子石化或
兰州石化 |
| 薄膜料 | FHM9455F1 | 0.2（5kg） | 0.955 | 27.8 | 615 | 双峰分布，丁烯共聚，具有良好的力学性能，适用于购物袋、手提袋、包装膜 | 抚顺石化 |
| 薄膜料 | HM9455F1 | 0.217（5kg） | 0.957 | 28.2 | 530 |  | 四川石化 |
| 瓶盖料 | FHP5050 | 3.0 | 0.952 | 24.0 | 620 | 具有良好的加工性能，无异味，适用于各类瓶装饮用水的瓶盖。产品目前已获得娃哈哈、康师傅、农夫山泉等知名企业的认可 | 抚顺石化 |
| 氯化聚乙烯专用树脂 | 规格牌号 | 熔体流动
速率，g/10min | 筛分＜63μm，% | 筛分≥500μm，% | 筛分≥125μm～＜250μm，% | 筛分≥125μm～＜315μm，% |  |


| 线性低密度聚乙烯树脂（LLDPE） |
| 类别 | 产品牌号 | 熔体流动速率 | 密度 | 拉伸屈服应力 | 拉伸断裂标称应变 | 典型用途 | 生产企业 |
| 单位 |  | g/10min | （g/cm3) | （MPa） | % |  |
| 薄膜料 | DFDA7042 | 1.9-2.1 | 0.920 | 9.5 | 650 | 最普遍使用的LLDPE产品，具有优良的加工性能，易于开口，适用于吹塑各种日用包装膜、农膜、内衬袋等。含适量开口爽滑剂。 | 大庆石化
吉林石化
兰州石化
抚顺石化
独山子石化
四川石化
独山子石化 |
| 薄膜料 | DFDA7042N | 1.9-2.1 | 0.920 | 9.5 | 650 | 未添加开口剂及爽滑剂，适用于生产多层复合包装膜、拉伸缠绕膜、以及要求薄膜具有一定粘性的薄膜制品如保鲜膜等产品。 | 大庆石化
吉林石化
兰州石化
抚顺石化
独山子石化
四川石化
独山子石化 |
| 薄膜料 | DFDA7042H | 1.9-2.1 | 0.920 | 9.5 | 600 | 高爽滑性的7042产品，添加足量爽滑剂，薄膜表面摩擦力低，适用高速包装膜，及高开口性薄膜。 | 大庆石化或
兰州石化 |
| 薄膜料 | DFDC7050 | 2.0 | 0.920 | 9.6 | 600 | 高爽滑性的7043产品，添加足量爽滑剂，薄膜表面摩擦力低，适用高速包装膜，及高开口性薄膜。 | 抚顺石化 |
| 薄膜料 | DFDA7047 | 0.9-1.1 | 0.918-0.921 | 9.8 | 650 | 具有良好的加工性能，以及力学性能，适用于重载膜、大棚膜、内衬袋等。 | 兰州石化或
抚顺石化或
吉林石化 |
| 薄膜料 | DFDA9047 | 0.9-1.1 | 0.918-0.921 | 9.8 | 650 | 具有良好的加工性能，以及力学性能，适用于重载膜、大棚膜、内衬袋等。 | 大庆石化 |
| 薄膜料 | 0209AA | 1.0 | 0.920 | 10.2 | 700 | 具有高爽滑、抗粘连、易开口，以及力学性能，适用于吹塑适用于重载膜、大棚膜、内衬袋等。 | 独山子石化 |
| 注塑料 | DNDA8320 | 19-20 | 0.925 | 9.5 | 500 | 高流动性注塑料，具有良好的流动性，适用于家用器皿、垃圾桶、玩具、薄壁制品，也可用于改性料的生产。 | 大庆石化
抚顺石化
独山子石化
四川石化 |
| 茂金属 | HPR18H10AX | 1.0 | 0.918 | 11.5 | 600 | 具有极好的机械强度和抗穿刺性能，适用于吹塑重载膜、大棚膜、缠绕膜等。（高性能茂金属产品） | 独山子石化 |
| 茂金属 | EZP2010HA | 1.0 | 0.920 | 11.0 | 410 | 具有良好的加工适应性，以及优异的力学性能和抗穿刺性能，适用于加工功能性大棚膜、以及重载膜等。（易加工茂金属产品） | 独山子石化 |
| 己烯共聚线性 | DFDA7028 | 1.0 | 0.920 | 24.0 | 880 | 己烯共聚的LLDPE产品，具有优异的力学性能，透明性，以及良好的加工性能，适用于加工功能性大棚膜、以及重载膜等。 | 独山子石化 |


| 线性低密度聚乙烯树脂（LLDPE） |
| 类别 | 产品牌号 | 熔体流动速率 | 密度 | 拉伸屈服应力 | 拉伸断裂标称应变 | 典型用途 | 生产企业 |
| 单位 |  | g/10min | （g/cm3) | （MPa） | % |  |
| 通用薄膜料 | 18D | 1.7 | 0.920 | 12.1 | 70 | 添加了开口剂及爽滑剂，开口性较好，加工性能稳定，适于生产农膜及各种通用膜、包装膜等。 | 大庆石化 |
| 通用薄膜料 | 18DO | 1.7 | 0.920 | 11.6 | 70 | 未添加开口剂及爽滑剂，加工性能稳定，适用于吹塑包装膜、发泡制品以及淋膜制品等。 | 大庆石化 |
| 通用薄膜料 | 2426H | 2.0 | 0.923 | 11.0 | 95 | 添加开口剂及爽滑剂，易于开口，通用薄膜料，广泛的用于生产各种需要开口或爽滑的薄膜制品，如包装膜、农膜、大棚膜、物流袋等。 | 大庆石化、兰州石化 |
| 通用薄膜料 | 2420H | 2.0 | 0.923 | 11.0 | 95 | 未添加开口剂及爽滑剂，较适合生产发泡珍珠棉制品，普通包装膜、层压膜及收缩膜等。也可用于15KV电缆绝缘料的生产 | 大庆石化或
兰州石化 |
| 通用薄膜料 | 2426K | 3.9 | 0.923 | 10.5 | 105 | 添加开口剂及爽滑剂，易于开口，较适合生产需要开口或爽滑的薄膜制品，用于包装膜、高透明薄膜、家用品等。 | 大庆石化或
兰州石化 |
| 重包膜料 | 1810D | 0.3 | 0.918 | 15.0 | 525 | 添加开口剂及爽滑剂，用于管道涂层、同轴电缆绝缘层、重包装袋等，同时具有良好的透明性，适用于生产收缩薄膜、重包装膜、大棚膜等。 | 兰州石化 |
| 重包膜料 | 2420D | 0.3 | 0.923 | 13.7 | 445 | 未添加开口剂及爽滑剂，用于管道涂层、同轴电缆绝缘层、重包装袋等，同时具有良好的透明性，适用于生产收缩薄膜、重包装膜、大棚膜等。 | 大庆石化或
兰州石化 |
| 重包膜料 | 2426F | 0.7 | 0.924 | 12.5 | 550 | 添加开口剂及爽滑剂，易于开口，适于生产农用大棚膜、重包装膜、卫生用膜等。 | 大庆石化或
兰州石化 |
| 重包膜料 | 2420F | 0.7 | 0.924 | 12.5 | 550 | 未添加开口剂及爽滑剂，适于生产重包装膜、缠绕膜及卫生膜等。 | 大庆石化或
兰州石化 |
| 电缆料 | 2240H | 1.9 | 0.922 | 10.5 | 530 | 未添加开口剂及爽滑剂，较适合生产适用于35KV电缆绝缘层及各种电缆的护套等。 | 兰州石化 |
| 涂敷料 | 18G | 6.9 | 0.918 | 10.6 | 531 | 涂敷专用树脂，主要用于各种涂层，如编织袋及牛皮纸袋的内涂层等。 | 兰州石化 |


| 丙烯腈-丁二烯-苯乙烯树脂（ABS） |
| 类别 | 产品牌号 | 熔体流动速率 | 悬臂梁冲击强度 | 拉伸强度 | 弯曲模量 | 弯曲弹性模量 | 维卡软化点 | 黄色指数 | 白度 | 典型用途 | 生产企业 |
| 单位 |  | g/10min | KJ/m2 | （MPa） |  | ℃ |  |
| 通用级 | 0215A | 21 | 20 | 47 | 81 | 2700 | 97 | 23.5 | 61.5 | 中冲击、高刚性、适用于家电、电子、办公室用品、玩具 | 吉林石化 |
| 通用级 | 0215A(SQ) | 22 | 20 | 47 | 79 | 2700 | 97 | 22 | 63 | 中冲击、高刚性、适用于家电、电子、办公室用品、玩具 | 吉林石化 |
| 通用级 | 0215H | 21 | 24 | 45 | 77 | 2500 | 95 | 21.5 | 63.5 | 白色家电专用料，具有良好的冲击性能和刚性平衡，均匀的色度表现，适用于空调、电视等白色家电产品 | 吉林石化 |
| 通用级 | GE150 | 22 | 20 | 46 | 78 | 2700 | 95 | 26.5 | 57 | 中等冲击、适用于家电、小家电、鞋靴、玩具 | 吉林石化 |
| 通用级 | 750A | 30.5 | 167（J/M) | 42 | 60 | 1900 | 78
（热变形温度） | 26.6 | 58 | 具有良好的流动性，高光泽，适用于家电、电子、办公室用品、玩具、头盔等 | 大庆石化 |
| 通用级 | 750A(SQ) | 30.5 | 167（J/M) | 42 | 60 | 1900 | 78
（热变形温度） | 26.7 | 59 | 具有良好的流动性，高光泽，适用于家电、电子、办公室用品、玩具、头盔等 | 大庆石化 |
| 专用料 | PT151 | 20 | 24 | 45 | 76 | 2400 | 94 | 23.5 | 61.5 | 良好的成型和喷涂性能，适用于摩托车、电动自行车的电镀配件 | 吉林石化 |
| 专用料 | H816 | 17 | 30 | 40 | 70 | 2000 | 94 | 23.6 | 61.6 | 高冲击性能，适用于鞋跟、头盔、纺织用线轴等 | 吉林石化 |
| 专用料 | GE100 | 35 | 16 | 43 | 68 | 2400 | 95 | 21.5 | 63.5 | 黑色高光专用料，良好的流动性和光泽度，适用于液晶电视外壳等 | 吉林石化 |
| 专用料 | GE200 | 25 | 19 | 43 | 67 | 2400 | 95 | 26.5 | 57 | 中冲击性能的黑色高光料，家用电脑等外壳和底座 | 吉林石化 |


| 聚苯乙烯树脂（PS） |
| 产品牌号 | 熔体流动速率（5kg） | 拉伸强度 | 简支梁冲击强度 | 维卡软化点 | 黄色指数 | 典型用途 | 生产企业 |
| 单位 | g/10min | （MPa） | KJ/m2 | ℃ |  |
| GPPS-500 | 5 | 44 | 1.5 | 99.5 | -15-0 | 通用PS产品，具有良好的流动性、高耐热性，适用于医药包装、实验室试验物品、化妆品包装、绝缘、电器包装、CD盒、照明器材、无线电部件、显示器等领域。 | 独山子石化 |
| GPPS-500 | 5 | 44 | 1.5 | 99.5 | -8-0 | 通用PS产品，具有良好的流动性、高耐热性，适用于医药包装、实验室试验物品、化妆品包装、绝缘、电器包装、CD盒、照明器材、无线电部件、显示器等领域。 | 独山子石化 |
| HIE | 3 | 30 | 13 | 84 | ≤19 | 高抗冲聚苯乙烯，适用于视频包装、热成型板产品、医药包装、家用物品、玩具以及冰箱部件等领域。 | 独山子石化 |


| 丙烯腈-苯乙烯树脂（SAN） |
| 产品牌号 | 熔体流动速率 | 悬臂梁冲击强度 | 拉伸强度 | 弯曲模量 | 弯曲弹性模量 | 维卡软化点 | 黄色指数 | 典型用途 | 生产企业 |
|  | g/10min | KJ/m2 | （MPa） |  | ℃ |  |
| SAN2437 | 30
(220℃/10KG) | ≥1.8 | ≥73 | ≥134 | 3400 | 99 |  | 通用级SAN树脂，适用于风扇扇叶以及文具 | 吉林石化 |


",,
售付汇合同登记-3007.docx.json_processed.json,"[[1, 1], [2, 2], [3, 3], [4, 4], [5, 5], [6, 6], [7, 7], [8, 8], [9, 9], [10, 10], [11, 11], [12, 12], [13, 13], [14, 14], [15, 15], [16, 16], [17, 17], [18, 18], [19, 19], [20, 20], [21, 21], [22, 22], [23, 23], [24, 24], [25, 25], [26, 26], [27, 27], [28, 28], [29, 29], [30, 30], [31, 31], [32, 32], [33, 33], [34, 34], [35, 35]]","售付汇合同登记


指南地址:https://www.gdzwfw.gov.cn/portal/v2/guide/114 4 0000006939561H24 4 2093026000


事项版本 ：10


温馨提示1 ：您所下载的文档版本有极小概率会滞后于网络版本。请核对事项版本号 ，如发现滞后请半小时后再进行下载。


温馨提示2 ：此事项在线办理的账户可信等级需达四级以上。


基础信息


| 事项名称 | 售付汇合同登记 | 日常用语 | 无 | 事项类型 | 其他行政权力 |
| 承诺办结时 限 | 8 （工作日 ） | 法定办结时 限 | 20 （工作日 ） | 到办事现场 次数 | 0 |
| 必须现场办 理原因 | 无 | 办件类型 | 承诺件 | 是否告知承 诺制 | 否 |
| 实施主体 | 中共广东省委宣传部（广 东省新闻出版局、广东省 版权局、广东省电影局） | 实施主体性 质 | 法定机关 | 是否进驻政 务大厅 | 是 |
| 是否支持物 流快递 | 是 | 是否支持预 约办理 | 否 | 在线预约地 址 | 无 |
| 实施编码 | 114 4 0000006939561H 24 4 2093026000 | 业务办理项 编码 | 无 | 办理形式 | 网上办理,窗口办理,快递申 请 |
| 基本编码 | 4 4 2093026000 | 联办机构 | 无 | 事项版本 | 10 |
| 实施主体编 码 | 114 4 0000006939561H | 网办深度 | IV级 | 委托部门 | 无 |


跨域通办


| 通办类型 | 通办区域 | 通办形式 |
| 跨境通办 | 澳门特别行政区、香港特别行政区、台湾 省 | 全程网办 |
| 跨省通办 | 全部境内地区 | 全程网办 |


审批信息


| 行使层级 | 省级 | 权力来源 | 法定本级行使 |
| 审批服务形 式 | 网上办 | 业务系统 | 广东省统一申办受理平台 |


审批结果


| 序号 | 名称 | 类型 | 模板 | 样例 | 关联状态 |
| 1 | 著作权合同登记批 复 | 批文 | 著作权合同登记批 复.jpg | 无电子证照 |


温馨提示 ：模板和样例文件请在原办事指南页上下载。


受理范围


| 服务对象 | 自然人,企业法人,事业法人,社会组织法人,非法人企业,行政机关,其他组织 |
| 面向自然人 事项主题分 类 | 知识产权 |
| 面向自然人 地方特色主 题分类 | 无 |
| 面向法人事 项主题分类 | 知识产权 |
| 面向法人地 方特色主题 分类 | 无 |


受理条件


1 ．符合相关法律、法规的规定。 2 ．有明确的著作权授权合同和授权作品名称。


办理流程


| 网上办理流程 1. 申请人登录“广东版权网”（ 网址 ：http://www.gd-copyright .cn ）的“广东省版权登记系统”（  以下简称 ：版权登记系统） , 在“版权登记系统”注册用户登录该系统 ，在线选择“售付汇合同登记” 申请填报申请材料。 2. 申请人将已成功提交的电子数据在线打印成纸质申请材料 ，按要求签字、盖章后 ，连同著作权合同等材料一并报送省宣传 事务中心。 申请人可选择现场办理或邮寄信函的方式报送纸质申请材料。 3.省宣传事务中心检查申请材料是否齐备。材料齐备的 ，通知申请人缴纳登记费和领取收件凭证及收费凭证 ，并将材料报送 正式受理环节 ；材料不齐备的 ，告知申请人补正材料。 4 .登记机构正式受理申请材料后报省版权局确认是否准予售付汇合同登记。准予登记的 ，由省版权局发给“国家版权局著作 权合同登记批复” ，并在“广东版权网”予以公示 ；不予登记的 ，以书面形式说明不予登记的理由 ，并退还登记费。 5. 申请人凭收件凭证到省宣传事务中心领取申请结果,或由宣传事务中心以邮寄信函的方式送达申请结果。  线下办理流程 1. 申请人登录“广东版权网”（ 网址 ：http://www.copyright .gd.gov.cn ）的“广东省版权登记系统”（ 以下简称 ：版权登记系 统） ，在“版权登记系统”注册用户登录该系统 ，在线选择“售付汇合同登记” 申请填报申请材料。 2. 申请人将已成功提交的电子数据在线打印成纸质申请材料 ，按要求签字、盖章后 ，连同著作权合同等材料一并报送局政务 服务中心。 申请人可选择现场办理或邮寄信函的方式报送纸质申请材料。 3.局政务服务中心检查申请材料是否齐备。材料齐备的 ，通知申请人缴纳登记费和领取收件凭证及收费凭证 ，并将材料报送 正式受理环节 ；材料不齐备的 ，告知申请人补正材料。 4 .登记机构正式受理申请材料后报省版权局确认是否准予售付汇合同登记。准予登记的 ，由省版权局发给“国家版权局著作 权合同登记批复” ，并在“广东版权网”予以公示 ；不予登记的 ，以书面形式说明不予登记的理由 ，并退还登记费。 5. 申请人凭收件凭证到局政务服务中心领取申请结果。 |


材料清单


| 材料名称 |
| 1、售付汇合同登 记登记表；2、居民身份证；3、；4、引进版权合同； |


说明 ：  已关联电子证照   表示该材料已关联电子证照      该材料免提交   表示该材料可以免提交 ，办事无需提交原件


温馨提示 ：空白表格和示例样本文件请在原办事指南页上下载。


收费项目信息


不收费


设定依据


| 设定依据 | 法律法规名称 | 《关于加强对引进无形资产售付汇管理有关问题的通知》 |
| 设定依据 | 依据文号 | （ 汇管函字〔 1995〕第092号）。 |
| 设定依据 | 条款号 | 三、著作权引进的用汇 |
| 设定依据 | 颁布机关 | 国家外汇管理局 |
| 设定依据 | 实施日期 | 1998-03-27 |
| 设定依据 | 条款内容 | 三、著作权引进的用汇       （一）取得境外授权 ，以图书形式翻译或重印境外作品（包括配合   图书出版的音像制品 ）的用汇 ：       审核凭证为 ：       盖有各省、 自治区、直辖市版权局“著作    权合同登记章”的著作权许可使用合同或合同登记的批复。       （ 二 ）音像制品著作权许可的用汇 ：        审核凭证为 ：       1、盖有“国家版权局合同登记章”（见附件十一）的音像制品著作权许    可使用合同 ；       2、文化部或广播电影电视部颁发的核准件。       （ 三 ）电子出版物著作权许   可的用汇 ：       审核凭证为 ：       1、电子出版物著作权许可使用合同 ；        2、各省、 自治区    、直辖市版权局颁发的盖有“国家版权局著作权合同登记办公室”（见附件十一）章的核准件（见附 件十二 ）。       （ 四 ）计算机软件许可使用的用汇 ：       审核凭证为 ：       1、计算机软件许可  使用合同 ；       2、各省、直辖市、 自治区版权局颁发的盖有“国家版权局著作权合同登记办公室” 章的核准件 ；       3、外经贸部及其分支机构颁发的《技术引进和设备进口合同注册生效证书》 。 |


法律救济


| 行政复议 | 行政诉讼 |
| 部门 ：广东省人民政府行政复议办公室或国家版权局 | 部门 ：广州铁路运输法院 |
| 地址 ：广州市政民路51号14 楼或北京市西长安街5号 | 地址 ：广州市荔湾区花地大道中68号荔胜广场南塔 |
| 电话 ：020-86359875、010-6309784 7 | 电话 ：020-37890820 |
| 网址 ：http://sft .gd.gov.cn   咨询方式与监督方式 | 网址 ：http://www.gt yy.gov.cn/ |
|  咨询电话   020-61292811、020-61292822。 :   办理窗口 |  投诉电话   020-87195203 : |


广东省新闻出版局（广东省版权局）、广东省电影局 政务大厅


办理地点 ：广州市环市东路331号广东电视中心二期一楼大堂1、2、3、4 号窗口


办公电话 ：020-61292811、020-61292822


办公时间 ：周一至周五上午8 ：30至12:00 ，周一至周四下午2 ：00至5:30（法定节假日除外）


位置指引 ：公交车旅游1线、 109 、 110 、297路广视宾馆站、地铁5号线小北站C出口


",,
广西建筑工人管理服务信息平台-2611.docx.json_processed.json,"[[1, 2], [3, 3], [4, 5], [6, 6], [7, 9], [10, 12], [13, 14], [15, 26], [27, 32], [33, 35], [36, 38], [39, 45], [46, 48], [49, 52], [53, 55], [56, 56], [57, 57], [58, 58], [59, 59], [60, 62], [63, 63], [64, 64], [65, 67], [68, 76], [77, 85], [86, 86], [87, 89], [90, 92], [93, 93], [94, 94], [95, 95], [96, 96], [97, 97], [98, 98], [99, 99], [100, 100], [101, 109], [110, 110], [111, 111], [112, 112], [113, 113], [114, 115], [116, 119]]","广西建筑工人管理服务信息平台
工人端 APP 版操作手册


外部文件


中国—东盟信息港股份有限公司
China-ASEAN Information Harbor Co.,Ltd.


2023年 09 月产品概要


工人版 APP 是平台的配套软件，为工人提供工资保障支持和一站式的行业服
务。工人版 APP 主要提供银行卡管理、工资查询、考勤查询等基础功能，帮助建筑
工人维护自身获得劳动报酬的合法权益。


常见问题咨询
客服电话（7*24 小时）：400-6716-888
平台在线客服：平台首页右侧→在线目录


该页面用于通过身份证号或人脸识别进行登录，同时可进行忘记密码情况下
的密码修改。


1.1 输入身份证号
工人在实名制采集进场后，在此输入需要登录的工人身份证号。
1.2 输入密码
在此输入工人账号的登录密码，默认密码为身份证后六位。
1.3 查看/隐藏密码
点击此开关可以显示或隐藏显示用户已输入的密码。
1.4 同意用户协议
点击勾选阅读并同意用户协议，点击协议按钮可以跳转到协议页面查看具体
内容。
1.5 登录按钮
在身份证及密码已输入且勾选同意用户协议的情况下，点击此按钮进行登
录。


1.6 刷脸登录
点击刷脸登录跳转到刷脸登录页面，通过身份证号+人脸识别验证进行登录。
1.7 忘记密码
点击忘记密码跳转到忘记密码功能页。输入需要修改密码的身份证号并同意
用户协议，点击刷脸验证按钮进行验证。验证成功后，输入新的登录密码并重复
确认。


2.首页模块
该页面为工人端 APP 首页，工人可以通过此页面进入不同的功能进行操作，
包括绑定工资卡、考勤查询、工资查询、查看入场邀请。


2.1 工资卡功能
点击工资卡功能，若用户未绑定工资卡，可以通过选择开户行、输入银行卡
账号进行绑定工资卡操作。


2.2 考勤查询功能
点击考勤查询功能，选择需要查询考勤记录的工程名称，进入考勤日历页，
可以查看工人在工程中进行考勤的天数及详细的出勤记录。
步骤一、点击考勤查询按钮，进入列表页，选择工人出勤的项目。
步骤二、蓝色圆圈代表该日有出勤记录，点击对应的圆圈可以查看考勤详情。
步骤三、查看进出工程的考勤记录
2.3 工资查询功能


该功能用于查询企业给工人发放的工资信息。
2.4 入场邀请功能
该功能用于企业对已在平台实名认证过的工人邀请加入项目。


步骤一、工人点击入场邀请按钮，进入入场邀请记录页面。
步骤二、点击企业发来的邀请，在确认工程信息无误后，点击确认按钮。
步骤三、在工人授权允许企业使用银行卡及实名制信息后，通过人脸验证，
工人即可加入工程。


2.5 考勤打卡功能
该功能用于工人在未装设闸机的工程中，通过手机进行人脸识别考勤打卡，
进入页面后，系统自动识别当前项目及工人当前位置，若在考勤范围中，根据实


际情况选择上班或下班打卡，通过人脸识别后即可生成考勤记录。


2.6 工友圈


工友圈是提供给工人交流的社区平台，工人可以在工友圈发布帖子，评论他


人发布的帖子，加入自己感兴趣的圈子，及时关注相关的消息。


2.7 招工宝
该功能用于工人填写自己的简历，发布到招工平台进行展示，对正在招工的
信息进行查看和点击投简历按钮，将自己编辑的简历投递给用工方查看。


班组长也可在平台上创建招聘信息。填写工作地区、类型、薪资、福利待遇、


招聘人数后即可在平台上发布。


2.8 我的合同
工人可以查看企业给本人生成的所有合同，工人可查看合同详情，对于需要
工人签署的合同，工人进行刷脸实人认证后手写签署。


2.9 班组登记
该功能用于班组长登记创建自己的班组信息，并对班组成员的加入申请进行
管理审核。
班组长点击创建专业作业班组，填写班组名称、技能、所在地区、介绍后，
即可生成班组。
班组长可通过邀请加入班组功能，让其他工人通过工人端 APP 扫一扫二维码
或将二维码保存至手机发送到其他地方，即可邀请其他工人加入班组。
班组长在接到工人的加入申请后，点击班组新成员申请，可以对加入申请进
行查看与审批操纵。


2.10 计工记账
该功能用于班组长生成班组后，按照不同类型给班组下成员进行记工记账，
记录每日工作量，用于生成工资单时提供计算依据。
班组长可以点击日期后，选择需要计工的班组成员，选择上班市场、加班时
长、填写备注说明与上传图片证明，即可完成工人在当日的计工。
2.11 班组工资单
该功能用于速生成班组工资单，生成文件给劳资员使用。
班组长可以通过工资单功能，选择需要生成工资单的人员，填写工资，系统
自动生成工资表格文件，可发送至微信进行打印或查看。


3.培训模块


3.1 培训功能
工人入场前需要进行安全教育培训，可通过线上观看培训视频完成培训，完
成培训可以获得相应的积分。


工人通过 app 的培训模块，查看课程列表，点击课程可开始学习视频课程，，
app 会进行实时的人脸识别检测，确保为工人本人在观看培训视频，若中途工人
离开观看手机，则视频课程会暂停播放。


4. 我的模块


该模块用于查看工人的个人信息及联系客服、反馈问题；同时支持修改密码、


修改绑定手机、清空缓存与查看用户协议及退出登录。


4.1 工资卡、工资查询、考勤记录、入场邀请功能


功能操作详见 2.1~2.4 说明。


4.2 帮助与反馈功能


该功能用于在线与智能客服沟通及查看、拨打客服热线；同时支持与客服 QQ


进行在线交流。


4.3 我的投诉
该功能用于工人发起对工程、企业的投诉，，工程总包企业可以看到工人发
起的投诉，企业会对工人的投诉进行核实处理，并反馈处理结果，工人可以查看
处理进度，若对处理结果存在异议，可以发起申诉。
工人点击进入功能后，点击我要投诉，选择近半年工作过的工程进行投诉，
系统根据工人在平台的考勤、发薪数据自动填入相关数据，工人对欠薪情况进行
补充说明后，即可生成投诉记录，等待企业处理。
工人可以查看企业对投诉进行的后续处理及说明，查看企业上传的相关材
料，对处理结果进行确认。


4.4 设置功能


该功能用于工人修改密码、绑定手机号、清空缓存或查看用户协议及退


出登录。


4.4.1 修改密码功能


点击修改密码按钮，通过输入旧密码及输入新密码、重复新密码，通过
旧密码的校验后，即可修改成功。


4.4.2 绑定手机号功能
工人账号如果未绑定手机号，点击绑定手机号按钮，通过输入手机号及
获取的短信验证码，可以对账号进行手机绑定，后续可以通过手机号及密码
进行登录。


",,
广西建筑市场监管云平台用户注册登录操作手册-3165.doc.json_processed.json,"[[1, 3], [4, 5], [6, 9], [10, 10], [11, 15], [16, 20], [21, 21], [22, 22], [23, 23], [24, 24], [25, 25], [26, 30], [31, 31], [32, 32], [33, 33], [34, 34], [35, 35], [36, 43], [44, 44], [45, 45], [46, 46], [47, 48], [49, 49], [50, 50], [51, 51], [52, 57], [58, 58], [59, 59], [60, 60], [61, 61], [62, 62], [63, 63], [64, 69], [70, 70], [71, 71], [72, 72], [73, 73], [74, 74], [75, 75], [76, 76], [77, 77], [78, 78], [79, 79], [80, 80], [81, 81], [82, 82], [83, 83], [84, 84], [85, 85], [86, 86], [87, 87], [88, 88], [89, 89], [90, 90], [91, 91], [92, 92], [93, 93], [94, 94], [95, 95], [96, 96], [97, 97], [98, 98]]","广西数字住建信息系统项目
建管一体化平台
（项目编号：GXZC2022-G3-003869-ZHSW）


诚信一体化平台用户注册
操作手册


建设单位：广西壮族自治区住房和城乡建设信息中心
用户单位：广西壮族自治区住房和城乡建设厅建筑市场监管处
监理单位：广西双正工程监理服务有限公司
承建单位：中国—东盟信息港股份有限公司


二〇二四年五月


文档修改记录
| 版本号 | 版本描述 | 责任人 | 日期 | 备注 |
| V1.0 | 初始编制 | 卢美莹 | 2023-3-8 |  |
| V2.0 | 深化设计 | 卢美莹 | 2023-11-8 |  |
| V2.1 | 更新板式 | 潘明耀 | 2024-5-24 |  |
|  |
|  |
|  |
操作手册说明


操作手册主要面向系统用户操作人员，协助操作人员对系统进行操作和信息管理。如在使用过程中有疑问可以联系平台客服获取技术帮助。
联系人：中国东信客服
联系电话：4006716888
联系邮箱：gjyservice@caih.com
系统版本号：V1.0


登录注册


在浏览器输入平台网址：https://gxjzsc.gxcic.net/，进入平台门户页面。


个人账号注册


点击门户页面上面的“”按钮，进入登录注册页面,注册类型选择个人注册。


个人用户注册时，需要设置登录用户名和密码，并完成个人实名认证。方法如下：


步骤：输入基本信息---实名核验---完善账号信息---注册完成
步骤一：输入基本信息，勾选阅读协议，点击下一步，提交对应基本信息，系统后台自动验证是否已经进行实名认证
步骤二：进行实名核验：此处通过扫码支付宝或者微信进行刷脸认证，认证完成后，进入下一步，若该姓名+身份证的用户已经认证过，则会直接进入下一步，不用再重新刷脸认证。
步骤三完善账号信息：输入完成，确认数据无误后点击提交按钮，校验数据合法性，通过则进入下一步，反之给出对应错误提示。
步骤四注册完成：页面显示出注册成功的账号信息，信息下方有马上登录和返回首页按钮，个人可根据情况进行选择。


个人账号登录


注册完成后，输入身份证/手机号、密码、验证码（点击更新验证码）进行登录，输入完成后，点击“”按钮。


个人账户忘记密码


个人用户：输入绑定手机号验证码验证身份后可重置密码。


注：当用户无法通过密码找回流程找回密码时，可联系客服人员线下验证身份后，客服人员在后台运营端人工重置密码。


重置密码步骤分为三个步骤：身份验证---重置密码----完成
步骤一：身份验证：
输入手机号，输入完成后点击“”，系统向该手机号发送验证码
输入完验证码后点击“”，系统校验手机号和验证码是否正确，正确跳转到下一步，错误将给出错误提示。
步骤二：重置密码：
输入新的密码，根据提示再次输入密码，输入完成后点击“”系统校验两次输入密码是否一致，正确跳转到下一步，错误给出错误提示。
步骤三：重置密码完成：
密码重置完成，可点击“立即前往”按钮，跳转登录页面或等待6秒后自动跳转至登录页面


法人账号注册


点击门户页面上面的“”按钮，进入注册页面,注册类型选择法人注册。


注册分为三步：输入基本信息-----完善账号信息-----注册完成


步骤一：输入基本信息，图形验证码：（点击后，更新验证码），勾选阅读协议、填写完成后点击下一步按钮。
步骤二完善账号信息：点击“”按钮，输入短信验证码，输入完成后，点击“”按钮，系统校验无误后，跳转到注册完成界面，校验失败后则提示相关错误信息。


申请人类型：法人授权主经办人和法人本人都会读取上一步的法人信息作为初始数据，但是选择法人本人类型则不能更改。法人授权主经办人则能够更改信息。


步骤三注册完成：页面显示出注册成功的账号信息，信息下方有“”和“”按钮，企业可根据情况进行选择。


注册完成之后，企业登录账号，系统将跳转到门户，点击个人，跳转到个人中心，如果是未认证状态，会弹窗提示企业完成实名认证。


个人中心—企业账号实名认证：
步骤一选择认证方式：（法人扫脸认证、单位对公账户打款认证两种方式二选一）注：若党政机关、事业单位不方便通过以上两种方式进行实名认证，请联系客服进行处理。
方式一法人扫脸认证：由法定代表人通过自己的支付宝或者微信进行扫码认证，认证成功后，跳转进行下一步。
方式二单位对公账户打款认证：输入对公银行账户，可输入开户支行名称进行模糊查询，然后选择开户支行（要选择下拉列表中得银行）后，点击下一步，进行打款。
根据第三方打款，输入收到的具体金额，点击“”，认证成功，即通过认证。反之则未认证成功。注：打款有效期限为三天，如三天内未输入金额提交认证，则需要重新选择认证方式，重新进行认证。
认证完成后，个人中心企业基本信息状态变为“已认证”，企业也可在个人中心对信息进行查看和变更。


法人用户登录


注册完成后，输入账号、密码、验证码，输入完成后，系统自动校验账号、密码、验证码是否合法，验证不通过，在输入框下方展示错误信息。


通过后，就会弹出经办人验证框，选择一个经办人手机号发送验证码，输入验证码通过验证后就登录完成了。


法人账户忘记密码


法人单位用户：输入绑定手机号验证码验证身份后可重置密码。


注：当用户无法通过密码找回流程找回密码时，可联系客服人员线下验证身份后，例如通过询问核实原有账号中的相关信息。客服人员在后台运营端人工重置密码。


重置密码步骤分为三个步骤：身份验证---重置密码----完成
步骤一身份验证：
输入手机号，输入完成后点击“”，系统向该手机号发送验证码
输入收到的验证码后，点击“”，系统校验手机号和验证码是否正确，正确跳转到下一步，错误将给出错误提示。
步骤二重置密码：需要输入登录账户名，然后输入新的密码，根据提示再次输入密码，输入完成后点击“”系统校验登录账户名是否匹配和两次输入密码是否一致，正确跳转到下一步，错误给出错误提示。
步骤三重置密码完成：密码重置完成，可点击“”按钮，跳转登录页面或等待6秒后自动跳转至登录页面。


主管部门、监督机构和未绑定手机号的项目审批人员、监督员登录密码找回


主管部门、监督机构以及项目审批人员、监督员未绑定手机号码的，如需找回，可联系住建厅建管处人员，通过后台运营端人工重置密码。


个人中心


个人中心提供账号安全维护服务和电子签章管理服务。可通过在首页右上角点击账号名称下拉选择进入。


法人账号


对账号基本信息进行展示，可对认证信息、电子签章信息、经办人信息、登录密码进行修改变更。


更新认证信息


企业认证通过后，如果后面需要对企业的认证信息进行更改得，可以点击“”按钮，对“单位名称”，“法人姓名”，“法人身份证”，“法人手机号”四要素进行修改。


注意：


统一社会信用代码用户无法自行修改，可联系客服人员线下验证身份后，由客服人员在后台人工修改。


因第一次认证时E签宝系统中有记录原法人的信息，如果企业要变更法人信息需要上E签宝更新下最新法人信息后，再修改桂建云信息，否则系统会提示法人信息不正确无法完成变更。


E签宝网址：


https://help.esign.cn/detail?id=wnn6cl&nameSpace=cs3-dept%2Fexboae&searchText=%E6%B3%95%E4%BA%BA


电子签章服务


支持电子印章创建、修改自定义印章样式。企业用户在办理业务操作过程中如不涉及线上电子签署的，可以不用申领。


经办人信息管理


只有企业的主经办人才能够进行经办人管理操作，包括新增或移除普通经办人，修改主经办人。主经办人默认为企业首次注册成功的授权经办人或者法人本人。管理方法如下：


点击经办人管理按钮，进入经办人管理页面，可以对经办人进行新增，移除，移交主经办人。


登录密码修改


点击“”按钮，设置新的登录密码。


个人账号


对账号基本信息进行展示，可对电子签章信息、绑定手机、登录密码进行修改变更。


电子签章服务


支持电子印章创建、修改自定义印章样式。


绑定手机


该功能主要针对监管单位和其他注册时未绑定手机号的用户提供绑定手机号的功能。绑定手机号后，可直接使用手机号登录或者自助找回密码。


先验证当前手机号验证码，然后再输入新的手机号码进行验证码验证。


登录密码修改


点击“”按钮，设置新的登录密码。


",,
渣打银行（中国）有限公司信用卡章程-12513.docx.json_processed.json,"[[1, 1], [2, 2], [3, 3], [4, 4], [5, 10], [11, 11], [12, 12], [13, 13], [14, 54], [55, 55], [56, 56], [57, 64], [65, 65], [66, 75], [76, 76], [77, 77], [78, 80], [81, 81], [82, 82], [83, 83], [84, 84], [85, 85], [86, 86], [87, 87], [88, 88], [89, 90], [91, 91], [92, 92], [93, 93], [94, 94], [95, 95], [96, 96], [97, 97], [98, 98], [99, 99], [100, 100], [101, 101], [102, 102], [103, 103], [104, 104], [105, 105], [106, 106], [107, 107], [108, 108], [109, 109], [110, 110], [111, 111], [112, 112], [113, 113], [114, 114], [115, 115], [116, 116], [117, 117], [118, 118], [119, 119], [120, 120], [121, 121], [122, 122], [123, 123], [124, 124], [125, 125], [126, 126], [127, 127], [128, 128], [129, 129], [130, 130], [131, 131], [132, 132], [133, 133], [134, 134], [135, 135], [136, 136], [137, 137], [138, 138], [139, 139], [140, 140], [141, 141], [142, 142], [143, 143], [144, 144], [145, 145], [146, 146], [147, 147], [148, 148], [149, 149], [150, 150], [151, 151], [152, 152], [153, 153], [154, 154], [155, 155], [156, 156], [157, 157], [158, 158], [159, 159], [160, 160], [161, 161], [162, 162], [163, 163], [164, 164], [165, 165], [166, 166], [167, 167], [168, 168], [169, 169], [170, 170], [171, 171], [172, 172], [173, 173], [174, 174], [175, 175], [176, 176], [177, 177], [178, 178], [179, 179], [180, 180], [181, 181], [182, 182], [183, 183], [184, 184], [185, 185], [186, 186], [187, 187], [188, 188], [189, 189], [190, 190], [191, 191], [192, 192], [193, 193], [194, 194], [195, 195], [196, 196], [197, 197], [198, 198], [199, 202], [203, 211], [212, 215], [216, 217], [218, 219], [220, 227], [228, 230], [231, 232], [233, 237], [238, 243], [244, 249], [250, 255], [256, 261], [262, 266], [267, 273], [274, 281], [282, 284], [285, 286], [287, 313], [314, 317], [318, 318], [319, 319], [320, 326], [327, 331], [332, 333], [334, 341], [342, 344]]","PUBLIC


《渣打银行（中国）有限公司信用卡章程》


重要提示


请仔细阅读本信用卡章程（包括对其不时进行的修改和补充，简称“本章程”）。


本章程、相关信用卡的领用合约、客户填写（包括但不限于通过网上、APP 应用软件或多媒体终端填写
的）的相关申请表、任何形式的确认函、我行不时以适当方式公布的收费表、积分规则、相关信用卡产品
使用手册或使用指南和其他对我行信用卡客户适用的银行产品和服务协议（包括但不限于渣打银行（中
国）有限公司《电子银行服务条款》、《银行账户和服务条款及细则》等）一并构成完整的客户协议（包
括对其不时进行的修改和补充，统称“条款和条件”），请在阅读本章程时注意阅读其他条款和条件。
联系我行


如有任何疑问，请联系我行(信用卡服务热线 956083)，客户可以登陆我行官方网站 www.sc.com/cn 查询离


客户最近的营业网点以及最新的联系方式。 发卡行有义务向客户提供当时有效的有关信用卡产品及服务、使用的说明资料、向客户提供咨询、查询、挂失、投诉等服务。客户有权知悉信用卡产品及服务、功能、使用方法、收费项目、收费标准、适用利率及有关的计算公式。


1. 除非在本章程中另有定义或根据上下文另有解释，本章程涉及的下列名词遵从如下定义：


“发卡行”指渣打银行（中国）有限公司，包括其继受者及受让者。
“客户”指向发卡行申请信用卡（包括主卡和附属卡）的申请人及/或获得卡片核发的持卡人，依上下文确
定其具体含义，包括主卡客户和附属卡客户。
“卡组织”指中国银联、VISA、MasterCard、JCB 等卡组织或资金清算组织。
“信用额度”指发卡行根据客户的资信状况等为其核定、在卡片有效期内可循环使用的适用于该客户的授
信限额。
“透支”指客户使用发卡行为其核定的信用额度进行支付的方式，包括消费透支、取现透支和透支扣收
等。
“银行记账日”指发卡行根据客户发生的交易将交易款项记入其信用卡账户，或根据规定将费用、利息等
记入其信用卡账户的日期。
“账单日”指发卡行定期对客户的交易款项、费用等进行汇总，结计利息，计算出客户应还款项的日期。
“到期还款日”指发卡行规定的信用卡客户应该偿还其当期应还款项或最低还款额的最后日期。PUBLIC
“免息还款期”指对于客户，除取现交易外，其他透支交易从银行记账日起至到期还款日（含）之间可享
受免息待遇的时间段。
“当期应还款项”指截至当期账单日，客户累计发生的发卡行已经记账但未偿还的交易款项，以及利息、
费用、成本和开支（包括法律费用）等的总和。
“溢缴款”是指客户在偿还发卡行信用卡项下全部欠款后的剩余款项。
“预借现金”亦称取现，是指在客户未预先在信用卡中存入现金的情况下，可在发卡行核定的预借现金额
度范围之内提取人民币或当地货币的服务。
“最低还款额”指发卡行规定的客户在到期还款日（含）前应该偿还的最低金额，包括累计未还消费交易
本金的一定比例、预借现金交易本金、所有费用、利息、超过信用额度的欠款金额、分期付款当期还款
额、发卡行规定的客户应该偿还的其他欠款金额以及以前月份最低还款额未还部分的总和。
“逾期还款违约金”指客户未能在到期还款日（含）前偿还最低还款额，按规定应向发卡行支付的款项。
“信用卡账户”指具有消费、取款、还款功能的账户，客户可在渣打银行开立多个信用卡账户。
“电子现金账户”指具有快速支付、接触或非接触式脱机消费功能的小额支付账户。电子现金账户具备小
额快速支付、查询、充值等交易的全部或部分功能，不具备透支、转账、取现功能。具体功能以客户申请
的信用卡为准。
“圈存”指通过信用卡账户或发卡行允许的其它方式向电子现金账户进行充值的交易，圈存后电子现金账
户余额不可超出发卡行设置的电子现金余额上限。通过信用卡账户发起的圈存金额将计入信用卡账户当期
账单。
“圈提”指电子现金账户余额进行现金提取或转入指定账户或非指定账户的交易。
“余额转移”指在电子现金芯片发生损坏而不能使用或发卡行允许的其他情形时，客户在信用卡有效期届
满前向发卡行申请将电子现金账户余额进行转入信用卡账户的交易。
“日”、“月”、“年”指公历的日、月、年。
“密码”，包括但不限于查询密码、交易密码等，客户可通过发卡行提供的相应途径自行设置查询密码和
交易密码，通过交易密码可进行 ATM 交易（如预借现金）；如客户开通凭密消费，交易密码亦可用于在银
联商户处的消费交易；如客户未开通凭密消费，则其所设交易密码仅适用于预借现金。客户可以使用查询
密码通过信用卡客户服务热线（以下简称“客户服务热线”）或发卡行允许的其他方式查询发卡行规定时
限内的相关交易记录。
“相关法律法规”指中华人民共和国颁布的、现行有效的法律、法规、规章、政策以及相关银行业主管机
关的指导意见或要求。PUBLIC


2. 条款的标题仅为方便及易于查阅而设，并不影响本章程的解释。


第二章 适用范围


1. 渣打银行（中国）有限公司信用卡（简称“信用卡”或“卡片”或“卡”）是发卡行向社会公开发行
的、给予客户一定的信用额度，客户可在信用额度内先消费或预借现金后还款，并可在中国大陆境内或境
外使用的信用卡。信用卡是具有消费、取款、还款等功能的信用支付工具。
2. 信用卡包含信用卡账户与电子现金账户两个账户。信用卡账户支持联机贷记应用，电子现金账户具有圈
存和脱机消费等功能。
3. 本章程适用于与发卡行发行的各类信用卡有关的银行服务，发卡行和客户均须遵守本章程。
4. 发卡行和客户还应同时遵守其他对其适用的条款和条件（包括其修改和补充），包括但不限于渣打银行
（中国）有限公司《电子银行服务条款》、《银行账户和服务条款及细则》等。


第三章 选择适合的卡种和适合的服务


1. 为符合不同客户的不同用卡需求，发卡行为客户准备了不同卡种，并将根据发卡行的商业计划不时地向
社会发行。信用卡按所加入的信用卡组织不同分为 VISA 卡、MasterCard 卡、JCB 卡、银联卡或其他卡组织
卡种。按照信息载体分为磁条卡、芯片卡和磁条芯片复合卡。按还款法律责任不同分为主卡和附属卡。按
照信用等级和产品功能、服务不同分为不同级别的卡种（例如，钻石卡、白金卡、金卡和普卡）。按币种
不同分为人民币卡、特定外币卡。
2. 对于发卡行发行的各卡种，若根据需要特别订立相应领用合约的，发卡行和客户应同时受相应卡种的领
用合约（包括对其不时进行的修改和补充，简称“领用合约”）和本章程的规范。领用合约为本章程的补
充，如领用合约与本章程有冲突，应以领用合约的约定为准。
3. 若客户因使用信用卡而使用发卡行提供的其他服务，需同时受该等其他服务的相关条款和条件的约束。
本款所指的其他服务包括但不限于，发卡行提供的积分/礼品兑换规则、现金分期、优惠和市场推广活动、


分期付款、预借现金、操作发卡行的任何自助设备和电子银行服务等。


第四章 申领、换卡和激活信用卡


1. 客户申请信用卡，应当按照发卡行的规定，正确、完整、真实地填写申请表格，并且按发卡行的要求提
交相关材料和证明文件。作为发卡行同意向客户签发信用卡提供相关服务的前提条件，信用卡账户被终止
前，客户应当保证该等申请资料和信息均是真实、有效和完整的。PUBLIC


2. 当客户收到信用卡（包括换发的信用卡）之后，应当按照本章程的相关规定在信用卡背面签名并激活卡


片。客户在信用卡申请表上签名或在信用卡背面签名或使用信用卡，即表明客户已同意接受本章程、领用


合约及其他条款和条件。


3. 发卡行有权根据客户的资信情况、申请文件，依其自行判断决定是否向客户发放信用卡。除非另有约


定，若发卡行决定向客户发卡，则卡片种类、给客户的信用额度和卡片使用限制等由发卡行确定。若发卡


行决定不予发卡，则发卡行不再另行通知客户，也无须向客户说明理由。无论信用卡是否被发卡行批准，


客户同意发卡行无需退回客户提交的申请表格、相关材料和证明文件等文件亦无需删除客户的申请记录。


4. 当信用卡申请被发卡行批准后，发卡行可选择以挂号邮件、普通邮件或快递的方式向客户寄送信用卡


（包括换发的信用卡）或要求客户到指定的营业网点领取信用卡。除非发卡行存在故意或重大过失，所有
寄送及在途风险应由客户承担。


5. 信用卡有效期届满后客户如需继续使用信用卡，应办理更换新卡手续，即到期换卡手续。在客户的卡片


到期之前，客户也可因挂失、卡片损坏、被冒用或任何其他原因而要求换卡。若客户因该等原因要求换卡


的，发卡行有权决定是否向客户换发新卡，并根据发卡行的收费表收取相关费用。但客户使用信用卡所发


生的未清偿债务不因卡片过期或无法使用而受到任何影响，信用卡过期或无法使用后客户仍须按时足额清


偿该等债务。


6. 发卡行仅就已经激活的信用卡向客户提供到期换卡服务。客户同意，如客户在原卡到期的至少二个月之


前没有通知发卡行到期不续卡，则视为客户同意到期换卡。若客户同意到期换卡且符合发卡行到期换卡条


件，则发卡行将向客户换发新卡。


7. 对于办理换卡手续的客户，本章程、领用合约及其他条款和条件应继续适用于客户新的信用卡。无论客


户是否激活新卡，客户均有义务偿还原卡项下的债务。


8. 客户须在收到信用卡后通过客户服务热线或发卡行允许的其他方式激活信用卡。对未经激活的信用卡，


发卡行将不收取任何费用。激活信用卡后，客户可以在信用卡上规定的有效期内使用信用卡。


第五章 账户管理及交易限制


1. 除另有规定外，客户在 VISA 或 MasterCard 等国际信用卡组织指定的银行网点、ATM 或特约商户支取外


币现钞或购物消费时，均记入其外币信用卡。客户在中国银联和发卡行指定的中国大陆境内或境外银行网


点、ATM 或特约商户支取人民币现钞或购物消费时，或在发卡行指定的境内 ATM 进行电子现金账户圈存


时，均记入其人民币信用卡。


2. 客户了解，客户的信用卡交易将通过中国银联、VISA、MasterCard、JCB 等卡组织的清算网络进行，且


有关争议差错的处理也将通过该等卡组织的平台完成。因此，客户使用信用卡及发卡行向客户提供信用卡


服务（包括电子现金服务）时均将受到该等卡组织的有关规则的约束。客户在中国大陆境内消费、取现及PUBLIC


使用其它交易设备时，须遵守中国银联、商户和收单银行有关规定；在中国大陆境外消费或取现时，应分


别按中国银联、VISA 或 MasterCard 等国际信用卡组织、商户及收单银行的有关规定办理。发卡行与任何


该等卡组织、商户及/或收单银行不存在任何代理关系。除非发卡行存在故意和重大过失，发卡行不应对任


何该等卡组织、商户及/或收单银行的决定和行为承担任何形式的责任。


3. 若客户因使用信用卡而使用除发卡行以外任何第三方的服务，在使用该等第三方提供的服务之前，客户


应当仔细阅读并充分了解该等第三方服务的有关条款和条件（如有）并须确认同意受其约束。除非发卡行


明确告知，发卡行与该等第三方不存在任何代理关系，亦不对该等第三方的任何服务或者货物作出任何明


示或者暗示的承诺或保证。若发生任何与该等第三方的争议，客户应自行与其协商解决，客户不得以与该


等第三方的争议为由拒绝偿还发卡行欠款，也不得以退还使用信用卡交易取得的货物等方式要求发卡行退


款，客户对发卡行的义务不应因为客户与该第三方之间的任何争议或任何客户可能针对任何第三方所享有


的反诉、抗辩或抵销权而受到影响。非代理关系的第三方包括但不限于客户因使用信用卡而接受商家、特


约商户、收单银行及其他受理单位，操作任何第三方的自助设备，使用第三方提供的增值服务（包括但不


限于网络、应用程序、短信和移动支付等功能），选择第三方支付平台（包括但不限于银联、支付宝等）


进行支付或还款等。


4. 发卡行有义务协助中国有权机构查询或冻结客户的信用卡账户或扣划信用卡账户内的资金（如有）。


5. 因供电、通讯、网络、系统故障等发卡行不可控制的原因导致客户不能用卡的，发卡行有义务视情况协


助客户解决问题或提供必要的帮助。除非发卡行存在故意或重大过失，发卡行不对因前述原因给客户造成


的损失承担责任。


6. 客户不得与他人合谋、恶意串通、套现、洗钱、进行恐怖融资活动、或有其他任何违法、违规以及不诚


信的行为。客户应确保信用卡只能用于合法交易，信用卡账户存入的资金应当是客户的合法收入。人民币


信用卡人民币的资金以客户持有的现金存入或以其合法收入转账存入。外币信用卡的资金以客户持有的外


币现钞存入或从其外汇账户（含外钞账户）转账存入。外币账户的转账及存款以及在境内提取外币现钞等


交易均按国家外汇管理局有关个人外汇管理的相关制度办理。


7. 发卡行信用卡不得被用于违反任何司法管辖区域下法律、法规的要求，且不得被用于投资房产、股市、


其他股本权益类投资及生产经营等非消费用途。对于任何经发卡行怀疑涉及非法违规行为的信用卡交易，


发卡行保留拒绝处理的权利，且有权要求持卡人立即提前全额归还涉及可疑交易的交易金额。


8. 发卡行有权对境外监管或执法部门确认为卡面与磁条信息不符的卡片采取止付等措施；在紧急情况下，


发卡行可授权相关卡组织停止转接卡面与磁条信息不符的卡片交易。


9. 发卡行有权按照其业务需要、相关法律法规要求或者根据监管机构、银行卡组织等机构的相关要求，或


为保障客户权益而自行决定限制信用卡在某些或某类商户使用，或使用不得超过一定限额。


10. 在某些国家和地区，发卡行提供的信用卡服务（包括但不限于刷卡消费、取现或在线账户服务等）可


能受到限制或无法提供，客户可通过发卡行官方网站查询不时变更的具体通知。PUBLIC


第六章 指令的授权与操作


1. 电子现金交易（即通过电子现金账户进行的、无需使用密码或签字的支付交易）、使用密码及/或签字


进行的信用卡交易，除非发卡行存在故意或重大过失，发卡行均视为客户本人所为。


2. 发卡行不受理因电子现金交易而产生的或与之相关的任何争议。


3. 发卡行依据密码等电子数据信息为客户办理的存款、取款等各类交易所产生的电子信息交易记录均为该


项交易的有效凭证。凡未使用密码进行的交易，则基于客户签字形成的交易凭证和/或凭信用卡磁条、芯


片、卡号等电子数据而办理的各项交易所产生的信息记录均属于该项交易的有效凭证。根据具体交易性


质，某些信用卡交易无需输入密码（即使客户设置了密码）或签名或无法通过密码或签名完成，或没有交


易单据，除非发卡行存在故意或重大过失，客户不得以未凭密交易或单据上无签名或单据上签名非本人所


为或无交易单据为由拒绝还款。


4. 在相关法律法规规定及支付清算卡组织规定的期限内，客户有权向发卡行申请协助调阅签购单副本，若


调查结果证明该交易确属客户所为，相关费用由客户承担。


第七章 客户的知情权和投诉建议权


1. 发卡行有义务向客户提供当时有效的有关信用卡产品及服务、使用的说明资料、向客户提供咨询、查


询、挂失、投诉等服务。客户有权知悉信用卡产品及服务、功能、使用方法、收费项目、收费标准、适用


利率及有关的计算公式。发卡行向客户提供查询信用卡申请进度和结果的途径。


2. 客户享有发卡行对信用卡所承诺的各项服务，有权监督发卡行的服务质量，以及对与承诺不符的服务进


行投诉。


3. 受限于发卡行的营业时间、地点、服务范围等限制条件，发卡行有义务向客户提供信用卡账户的对账服


务(电子现金账户除外)，相关收费以发卡行收费表的相关规定为准。


4. 发卡行有关客户、任何信用卡交易、客户的信用卡和/或客户的信用卡账户的所有事项的记录（包括计算


机的记录）是该等事项的终局性证据并且对客户具有约束力，除非存在明显错误或经发卡行纠正。


5. 如发卡行向客户提供对账单（亦称“账单”），客户应注意查收对账单，如未按时收到对账单，应及时


向发卡行查询。客户不能以未收到对账单为由拒绝向发卡行支付欠款（包括相应的费用、利息等）。


6. 如发卡行向客户提供对账单，客户应当仔细阅读及核查信用卡账户对账单，如发现任何不当或错误信息


应立即通知发卡行，如发卡行于到期还款日前未收到客户的该等通知，则视为客户对该账户对账单所示的


债务金额无异议。PUBLIC


7. 客户同意，发卡行有权在任何时候以通知客户的方式对该等账户对账单中的任何不当或错误进行纠正。


如因纠正错误导致客户未还债务的增加或减少，就增加的部分客户仍需负有还款义务，就减少的部分将贷


记至客户的信用卡账户，用于充还客户的未还债务。


8. 在信用卡账户被终止前，若客户信用卡账户内溢缴款金额大于美元 5 万元或等值人民币时，发卡行有权


要求客户于指定时间内补充提供相关个人信息，并提交发卡行要求之相关文件等。


第八章 信用额度


1. 发卡行有权设定、复核、调整、取消客户/信用卡的信用额度、临时信用额度、超授信额度、单笔透支等


其他额度。为避免疑问，信用额度包含预借现金额度。客户开通信用卡预借现金功能的，可在发卡行规定


的预借现金额度内（不论该等预借现金额度是否已通知到客户），通过 ATM 或发卡行允许的其它方式提取


现金。


2. 如银行主动调高额度将提前通知客户，如客户五天内未告知发卡行不同意调高额度，客户同意发卡行将


于第六天起调高额度。在前述额度被调高后，客户可以随时通过客户服务热线、信用卡在线账户服务（以


下简称“在线账户服务”）或发卡行所提供或认可的其他方式要求恢复信用额度，否则视为接受。无论是


否接受，客户仍应对已发生的交易款项及相应的利息、费用等负有清偿责任。


3. 如客户同时拥有外币和人民币信用卡，信用卡账户项下的信用额度应是人民币和外币信用卡合计可以透


支的最高限额。


4. 客户应在发卡行核定的信用额度内用卡，经客户授权并经发卡行同意，可以开通超授信额度用卡服务。


5. 对超过 6 个月未发生交易的信用卡，发卡行有权调减客户适用于该卡片的信用额度，发卡行将根据相关


法律法规的要求通知客户。


第九章 收费


1. 发卡行有权对客户收取一定的费用并计入其信用卡账户，收费详情见发卡行通过其官方网站及各营业网


点统一公示的收费表。收费项目及标准如有变动，以发卡行最新公告为准。


2. 发卡行有权收取的费用以发卡行不时以适当方式公布的收费表为准，在所适用的相关法律法规允许的范


围内，发卡行有权不时变更收费表。收费项目及标准如有变动，发卡行将根据相关法律法规的要求及时公


布收费表，该收费表经发卡行对外公布后生效。客户可以根据本章程第十二章的规定选择是否接受该等变


更。发卡行可根据其认为合适的方式借记该等经变更的利息、费用和收费至客户的信用卡账户和/或要求客


户根据付款要求支付该等经变更的利息、费用和收费。发卡行已经收取的费用不予退回。发卡行向各类信


用卡提供的产品及服务内容（包括但不限于年费项下提供的服务内容等），以发卡行不时在官方网站上公


布的服务内容为准。PUBLIC


",,
